date,away_team,home_team,visitor_goals,home_goals,visitor_sog,home_sog,visitor_goalie,home_goalie,regulation,winner
10/4/2024,nj,buf,4,1,22,31,Jacob Markstrom,Ukko-Pekka Luukkonen,TRUE,nj
10/5/2024,buf,nj,1,3,18,37,Devon Levi,Jake Allen,TRUE,nj
10/8/2024,stl,sea,3,2,25,32,Jordan Binnington,Philipp Grubauer,TRUE,stl
10/8/2024,bos,fla,4,6,28,35,Joonas Korpisalo,Sergei Bobrovsky,TRUE,fla
10/8/2024,chi,ari,2,5,26,25,Petr Mrazek,Connor Ingram,TRUE,ari
10/9/2024,tor,mtl,0,1,48,27,Anthony Stolarz,Sam Montembeault,TRUE,mtl
10/9/2024,nyr,pit,6,0,41,29,Igor Shesterkin,Tristan Jarry,TRUE,nyr
10/9/2024,wpg,edm,6,0,20,30,Connor Hellebuyck,Stuart Skinner,TRUE,wpg
10/9/2024,cgy,van,6,5,26,25,Dan Vladar,Arturs Silovs,FALSE,cgy
10/9/2024,col,vgk,4,8,32,21,Alexandar Georgiev,Adin Hill,TRUE,vgk
10/10/2024,mtl,bos,4,6,24,29,Caiden Primeau,Jeremy Swayman,TRUE,bos
10/10/2024,la,buf,3,1,23,33,Darcy Kuemper,Ukko-Pekka Luukkonen,TRUE,la
10/10/2024,fla,ott,1,3,31,31,Sergei Bobrovsky,Linus Ullmark,TRUE,ott
10/10/2024,pit,det,6,3,26,32,Joel Blomqvist,Ville Husso,TRUE,pit
10/10/2024,tor,nj,4,2,22,24,Dennis Hildeby,Jacob Markstrom,TRUE,tor
10/10/2024,ari,nyi,5,4,26,25,Connor Ingram,Semyon Varlamov,FALSE,ari
10/10/2024,dal,nsh,4,3,20,36,Jake Oettinger,Scott Wedgewood,TRUE,dal
10/10/2024,cbj,min,2,3,33,26,Elvis Merzlikins,Filip Gustavsson,TRUE,min
10/10/2024,stl,sj,5,4,40,26,Joel Hofer,Mackenzie Blackwood,TRUE,stl
10/11/2024,tb,car,4,1,23,21,Andrei Vasilevskiy,Frederik Andersen,TRUE,tb
10/11/2024,chi,wpg,1,2,26,35,Arvid Soderblom,Connor Hellebuyck,FALSE,wpg
10/11/2024,phi,van,3,2,31,26,Samuel Ersson,Kevin Lankinen,FALSE,phi
10/11/2024,stl,vgk,3,4,22,28,Jordan Binnington,Adin Hill,TRUE,vgk
10/12/2024,la,bos,1,2,34,25,Darcy Kuemper,Jeremy Swayman,FALSE,bos
10/12/2024,fla,buf,2,5,25,27,Spencer Knight,Devon Levi,TRUE,buf
10/12/2024,pit,tor,2,4,23,33,Joel Blomqvist,Anthony Stolarz,TRUE,tor
10/12/2024,ott,mtl,1,4,25,26,Linus Ullmark,Sam Montembeault,TRUE,mtl
10/12/2024,nsh,det,0,3,42,22,Juuse Saros,Cam Talbot,TRUE,det
10/12/2024,car,tb,,,,,,,,
10/12/2024,ari,nyr,6,5,26,34,Connor Ingram,Igor Shesterkin,FALSE,ari
10/12/2024,nj,wsh,5,3,33,32,Jacob Markstrom,Charlie Lindgren,TRUE,nj
10/12/2024,nyi,dal,0,3,34,27,Semyon Varlamov,Jake Oettinger,TRUE,dal
10/12/2024,sea,min,5,4,34,38,Joey Daccord,Marc-Andre Fleury,FALSE,sea
10/12/2024,cbj,col,6,4,23,30,Daniil Tarasov,Alexandar Georgiev,TRUE,cbj
10/12/2024,phi,cgy,3,6,40,32,Ivan Fedotov,Dustin Wolf,TRUE,cgy
10/12/2024,chi,edm,5,2,20,38,Petr Mrazek,Calvin Pickard,TRUE,chi
10/12/2024,ana,sj,2,0,30,30,Lukas Dostal,Vitek Vanecek,TRUE,ana
10/13/2024,min,wpg,1,2,27,35,Filip Gustavsson,Connor Hellebuyck,FALSE,wpg
10/13/2024,sea,dal,0,2,25,23,Philipp Grubauer,Casey DeSmith,TRUE,dal
10/13/2024,cgy,edm,4,1,29,26,Dan Vladar,Stuart Skinner,TRUE,cgy
10/13/2024,ana,vgk,1,3,23,32,James Reimer,Ilya Samsonov,TRUE,vgk
10/14/2024,fla,bos,4,3,26,27,Sergei Bobrovsky,Jeremy Swayman,TRUE,fla
10/14/2024,la,ott,7,8,25,41,Darcy Kuemper,Mads Sogaard,FALSE,ott
10/14/2024,ari,nj,0,3,20,33,Karel Vejmelka,Jake Allen,TRUE,nj
10/14/2024,det,nyr,1,4,32,28,Alex Lyon,Igor Shesterkin,TRUE,nyr
10/14/2024,pit,mtl,6,3,31,27,Tristan Jarry,Sam Montembeault,TRUE,pit
10/14/2024,nyi,col,6,2,38,34,Ilya Sorokin,Alexandar Georgiev,TRUE,nyi
10/15/2024,van,tb,1,4,27,28,Arturs Silovs,Andrei Vasilevskiy,TRUE,tb
10/15/2024,vgk,wsh,2,4,26,22,Adin Hill,Logan Thompson,TRUE,wsh
10/15/2024,nj,car,2,4,25,31,Jacob Markstrom,Pyotr Kochetkov,TRUE,car
10/15/2024,fla,cbj,4,3,22,38,Spencer Knight,Elvis Merzlikins,TRUE,fla
10/15/2024,min,stl,4,1,27,28,Filip Gustavsson,Jordan Binnington,TRUE,min
10/15/2024,sea,nsh,7,3,35,33,Joey Daccord,Juuse Saros,TRUE,sea
10/15/2024,sj,dal,2,3,27,38,Mackenzie Blackwood,Jake Oettinger,FALSE,dal
10/15/2024,chi,cgy,1,3,32,26,Petr Mrazek,Dustin Wolf,TRUE,cgy
10/15/2024,phi,edm,3,4,30,33,Samuel Ersson,Stuart Skinner,FALSE,edm
10/16/2024,buf,pit,5,6,33,43,Ukko-Pekka Luukkonen,Joel Blomqvist,FALSE,pit
10/16/2024,la,tor,2,6,34,26,David Rittich,Anthony Stolarz,TRUE,tor
10/16/2024,bos,col,5,3,25,25,Joonas Korpisalo,Alexandar Georgiev,TRUE,bos
10/16/2024,ari,ana,4,5,30,34,Connor Ingram,Lukas Dostal,FALSE,ana
10/17/2024,la,mtl,4,1,32,27,David Rittich,Sam Montembeault,TRUE,la
10/17/2024,nj,ott,3,1,36,31,Jacob Markstrom,Anton Forsberg,TRUE,nj
10/17/2024,nyr,det,5,2,34,31,Jonathan Quick,Cam Talbot,TRUE,nyr
10/17/2024,vgk,tb,3,4,25,25,Adin Hill,Andrei Vasilevskiy,TRUE,tb
10/17/2024,van,fla,3,2,33,28,Kevin Lankinen,Sergei Bobrovsky,FALSE,van
10/17/2024,dal,wsh,2,3,24,27,Casey DeSmith,Charlie Lindgren,TRUE,wsh
10/17/2024,buf,cbj,4,6,24,25,Devon Levi,Daniil Tarasov,TRUE,cbj
10/17/2024,nyi,stl,0,1,34,30,Ilya Sorokin,Joel Hofer,FALSE,stl
10/17/2024,edm,nsh,4,2,36,27,Calvin Pickard,Juuse Saros,TRUE,edm
10/17/2024,sj,chi,2,4,22,27,Vitek Vanecek,Petr Mrazek,TRUE,chi
10/17/2024,phi,sea,4,6,25,29,Ivan Fedotov,Philipp Grubauer,TRUE,sea
10/18/2024,car,pit,4,1,39,26,Frederik Andersen,Joel Blomqvist,TRUE,car
10/18/2024,sj,wpg,3,8,22,36,Vitek Vanecek,Connor Hellebuyck,TRUE,wpg
10/18/2024,ana,col,3,4,20,49,Lukas Dostal,Alexandar Georgiev,FALSE,col
10/19/2024,tb,ott,4,5,29,28,Andrei Vasilevskiy,Anton Forsberg,TRUE,ott
10/19/2024,det,nsh,5,2,24,39,Alex Lyon,Juuse Saros,TRUE,det
10/19/2024,edm,dal,1,4,31,24,Stuart Skinner,Jake Oettinger,TRUE,dal
10/19/2024,vgk,fla,3,4,26,49,Ilya Samsonov,Sergei Bobrovsky,FALSE,fla
10/19/2024,nyr,tor,4,1,29,35,Igor Shesterkin,Anthony Stolarz,TRUE,nyr
10/19/2024,wsh,nj,6,5,37,31,Logan Thompson,Jacob Markstrom,FALSE,wsh
10/19/2024,mtl,nyi,3,4,24,36,Caiden Primeau,Semyon Varlamov,FALSE,nyi
10/19/2024,van,phi,3,0,32,26,Kevin Lankinen,Samuel Ersson,TRUE,van
10/19/2024,min,cbj,3,1,35,24,Filip Gustavsson,Daniil Tarasov,TRUE,min
10/19/2024,car,stl,3,4,40,19,Pyotr Kochetkov,Joel Hofer,TRUE,stl
10/19/2024,buf,chi,4,2,22,37,Ukko-Pekka Luukkonen,Arvid Soderblom,TRUE,buf
10/19/2024,bos,ari,1,2,23,32,Jeremy Swayman,Connor Ingram,FALSE,ari
10/19/2024,cgy,sea,1,2,22,23,Dan Vladar,Joey Daccord,FALSE,sea
10/20/2024,pit,wpg,3,6,42,37,Alex Nedeljkovic,Eric Comrie,TRUE,wpg
10/20/2024,col,sj,4,1,22,26,Justus Annunen,Vitek Vanecek,TRUE,col
10/20/2024,la,ana,4,1,37,15,David Rittich,Lukas Dostal,TRUE,la
10/21/2024,tb,tor,,,,,,,,
10/22/2024,wsh,phi,,,,,,,,
10/22/2024,min,fla,,,,,,,,
10/22/2024,tb,nj,,,,,,,,
10/22/2024,dal,buf,,,,,,,,
10/22/2024,nyr,mtl,,,,,,,,
10/22/2024,tor,cbj,,,,,,,,
10/22/2024,det,nyi,,,,,,,,
10/22/2024,wpg,stl,,,,,,,,
10/22/2024,van,chi,,,,,,,,
10/22/2024,bos,nsh,,,,,,,,
10/22/2024,pit,cgy,,,,,,,,
10/22/2024,car,edm,,,,,,,,
10/22/2024,ott,ari,,,,,,,,
10/22/2024,sj,ana,,,,,,,,
10/22/2024,col,sea,,,,,,,,
10/22/2024,la,vgk,,,,,,,,
10/23/2024,phi,wsh,,,,,,,,
10/24/2024,dal,bos,,,,,,,,
10/24/2024,stl,tor,,,,,,,,
10/24/2024,nj,det,,,,,,,,
10/24/2024,min,tb,,,,,,,,
10/24/2024,fla,nyr,,,,,,,,
10/24/2024,car,cgy,,,,,,,,
10/24/2024,col,ari,,,,,,,,
10/24/2024,wpg,sea,,,,,,,,
10/24/2024,sj,la,,,,,,,,
10/25/2024,ott,vgk,,,,,,,,
10/25/2024,nyi,nj,,,,,,,,
10/25/2024,nsh,chi,,,,,,,,
10/25/2024,pit,edm,,,,,,,,
10/26/2024,det,buf,,,,,,,,
10/26/2024,min,phi,,,,,,,,
10/26/2024,ari,la,,,,,,,,
10/26/2024,tor,bos,,,,,,,,
10/26/2024,stl,mtl,,,,,,,,
10/26/2024,wsh,tb,,,,,,,,
10/26/2024,ana,nyr,,,,,,,,
10/26/2024,wpg,cgy,,,,,,,,
10/26/2024,fla,nyi,,,,,,,,
10/26/2024,cbj,nsh,,,,,,,,
10/26/2024,chi,dal,,,,,,,,
10/26/2024,pit,van,,,,,,,,
10/26/2024,sj,vgk,,,,,,,,
10/26/2024,car,sea,,,,,,,,
10/27/2024,edm,det,,,,,,,,
10/27/2024,ana,nj,,,,,,,,
10/27/2024,mtl,phi,,,,,,,,
10/27/2024,ott,col,,,,,,,,
10/28/2024,fla,buf,,,,,,,,
10/28/2024,nsh,tb,,,,,,,,
10/28/2024,edm,cbj,,,,,,,,
10/28/2024,tor,wpg,,,,,,,,
10/28/2024,chi,col,,,,,,,,
10/28/2024,sj,ari,,,,,,,,
10/28/2024,car,van,,,,,,,,
10/28/2024,cgy,vgk,,,,,,,,
10/29/2024,phi,bos,,,,,,,,
10/29/2024,sea,mtl,,,,,,,,
10/29/2024,stl,ott,,,,,,,,
10/29/2024,nyr,wsh,,,,,,,,
10/29/2024,ana,nyi,,,,,,,,
10/29/2024,min,pit,,,,,,,,
10/29/2024,la,sj,,,,,,,,
10/30/2024,nyi,cbj,,,,,,,,
10/30/2024,wpg,det,,,,,,,,
10/30/2024,tb,col,,,,,,,,
10/30/2024,cgy,ari,,,,,,,,
10/30/2024,nj,van,,,,,,,,
10/30/2024,vgk,la,,,,,,,,
10/31/2024,sea,tor,,,,,,,,
10/31/2024,stl,phi,,,,,,,,
10/31/2024,ana,pit,,,,,,,,
10/31/2024,mtl,wsh,,,,,,,,
10/31/2024,bos,car,,,,,,,,
10/31/2024,edm,nsh,,,,,,,,
10/31/2024,chi,sj,,,,,,,,
11/1/2024,nyi,buf,,,,,,,,
11/1/2024,ott,nyr,,,,,,,,
11/1/2024,wpg,cbj,,,,,,,,
11/1/2024,tb,min,,,,,,,,
11/1/2024,fla,dal,,,,,,,,
11/1/2024,nj,cgy,,,,,,,,
11/2/2024,bos,phi,,,,,,,,
11/2/2024,chi,la,,,,,,,,
11/2/2024,cbj,wsh,,,,,,,,
11/2/2024,dal,fla,,,,,,,,
11/2/2024,sea,ott,,,,,,,,
11/2/2024,buf,det,,,,,,,,
11/2/2024,mtl,pit,,,,,,,,
11/2/2024,tor,stl,,,,,,,,
11/2/2024,col,nsh,,,,,,,,
11/2/2024,ari,vgk,,,,,,,,
11/2/2024,van,sj,,,,,,,,
11/3/2024,nyi,nyr,,,,,,,,
11/3/2024,tb,wpg,,,,,,,,
11/3/2024,sea,bos,,,,,,,,
11/3/2024,wsh,car,,,,,,,,
11/3/2024,tor,min,,,,,,,,
11/3/2024,edm,cgy,,,,,,,,
11/3/2024,chi,ana,,,,,,,,
11/4/2024,la,nsh,,,,,,,,
11/4/2024,nj,edm,,,,,,,,
11/5/2024,ott,buf,,,,,,,,
11/5/2024,bos,tor,,,,,,,,
11/5/2024,cgy,mtl,,,,,,,,
11/5/2024,phi,car,,,,,,,,
11/5/2024,pit,nyi,,,,,,,,
11/5/2024,tb,stl,,,,,,,,
11/5/2024,la,min,,,,,,,,
11/5/2024,ari,wpg,,,,,,,,
11/5/2024,sea,col,,,,,,,,
11/5/2024,van,ana,,,,,,,,
11/5/2024,cbj,sj,,,,,,,,
11/6/2024,nsh,wsh,,,,,,,,
11/6/2024,det,chi,,,,,,,,
11/6/2024,vgk,edm,,,,,,,,
11/7/2024,cgy,bos,,,,,,,,
11/7/2024,nyi,ott,,,,,,,,
11/7/2024,phi,tb,,,,,,,,
11/7/2024,nsh,fla,,,,,,,,
11/7/2024,mtl,nj,,,,,,,,
11/7/2024,buf,nyr,,,,,,,,
11/7/2024,pit,car,,,,,,,,
11/7/2024,ari,stl,,,,,,,,
11/7/2024,chi,dal,,,,,,,,
11/7/2024,col,wpg,,,,,,,,
11/7/2024,van,la,,,,,,,,
11/7/2024,min,sj,,,,,,,,
11/8/2024,det,tor,,,,,,,,
11/8/2024,pit,wsh,,,,,,,,
11/8/2024,min,ana,,,,,,,,
11/8/2024,vgk,sea,,,,,,,,
11/9/2024,cgy,buf,,,,,,,,
11/9/2024,phi,fla,,,,,,,,
11/9/2024,ott,bos,,,,,,,,
11/9/2024,mtl,tor,,,,,,,,
11/9/2024,nyr,det,,,,,,,,
11/9/2024,wsh,stl,,,,,,,,
11/9/2024,dal,wpg,,,,,,,,
11/9/2024,nj,nyi,,,,,,,,
11/9/2024,ari,nsh,,,,,,,,
11/9/2024,car,col,,,,,,,,
11/9/2024,cbj,la,,,,,,,,
11/9/2024,edm,van,,,,,,,,
11/10/2024,sj,nj,,,,,,,,
11/10/2024,min,chi,,,,,,,,
11/10/2024,cbj,ana,,,,,,,,
11/11/2024,mtl,buf,,,,,,,,
11/11/2024,sj,phi,,,,,,,,
11/11/2024,dal,pit,,,,,,,,
11/11/2024,la,cgy,,,,,,,,
11/11/2024,nsh,col,,,,,,,,
11/11/2024,car,vgk,,,,,,,,
11/12/2024,ott,tor,,,,,,,,
11/12/2024,nj,fla,,,,,,,,
11/12/2024,wpg,nyr,,,,,,,,
11/12/2024,bos,stl,,,,,,,,
11/12/2024,nyi,edm,,,,,,,,
11/12/2024,cgy,van,,,,,,,,
11/12/2024,cbj,sea,,,,,,,,
11/13/2024,det,pit,,,,,,,,
11/13/2024,tor,wsh,,,,,,,,
11/13/2024,car,ari,,,,,,,,
11/13/2024,la,col,,,,,,,,
11/13/2024,vgk,ana,,,,,,,,
11/14/2024,stl,buf,,,,,,,,
11/14/2024,phi,ott,,,,,,,,
11/14/2024,wpg,tb,,,,,,,,
11/14/2024,nj,fla,,,,,,,,
11/14/2024,sj,nyr,,,,,,,,
11/14/2024,bos,dal,,,,,,,,
11/14/2024,mtl,min,,,,,,,,
11/14/2024,nsh,edm,,,,,,,,
11/14/2024,nyi,van,,,,,,,,
11/14/2024,chi,sea,,,,,,,,
11/15/2024,pit,cbj,,,,,,,,
11/15/2024,wsh,col,,,,,,,,
11/15/2024,nsh,cgy,,,,,,,,
11/15/2024,vgk,ari,,,,,,,,
11/15/2024,det,ana,,,,,,,,
11/16/2024,stl,bos,,,,,,,,
11/16/2024,nyi,sea,,,,,,,,
11/16/2024,edm,tor,,,,,,,,
11/16/2024,cbj,mtl,,,,,,,,
11/16/2024,nj,tb,,,,,,,,
11/16/2024,wpg,fla,,,,,,,,
11/16/2024,buf,phi,,,,,,,,
11/16/2024,sj,pit,,,,,,,,
11/16/2024,ott,car,,,,,,,,
11/16/2024,dal,min,,,,,,,,
11/16/2024,det,la,,,,,,,,
11/16/2024,chi,van,,,,,,,,
11/17/2024,stl,car,,,,,,,,
11/17/2024,nsh,van,,,,,,,,
11/17/2024,wsh,vgk,,,,,,,,
11/17/2024,nyr,sea,,,,,,,,
11/18/2024,cbj,bos,,,,,,,,
11/18/2024,col,phi,,,,,,,,
11/18/2024,edm,mtl,,,,,,,,
11/18/2024,ana,dal,,,,,,,,
11/18/2024,wsh,ari,,,,,,,,
11/18/2024,det,sj,,,,,,,,
11/19/2024,edm,ott,,,,,,,,
11/19/2024,tb,pit,,,,,,,,
11/19/2024,min,stl,,,,,,,,
11/19/2024,fla,wpg,,,,,,,,
11/19/2024,ana,chi,,,,,,,,
11/19/2024,nyi,cgy,,,,,,,,
11/19/2024,nyr,van,,,,,,,,
11/20/2024,vgk,tor,,,,,,,,
11/20/2024,car,phi,,,,,,,,
11/20/2024,sj,dal,,,,,,,,
11/20/2024,nsh,sea,,,,,,,,
11/20/2024,buf,la,,,,,,,,
11/21/2024,ari,bos,,,,,,,,
11/21/2024,vgk,ott,,,,,,,,
11/21/2024,nyi,det,,,,,,,,
11/21/2024,car,nj,,,,,,,,
11/21/2024,col,wsh,,,,,,,,
11/21/2024,tb,cbj,,,,,,,,
11/21/2024,sj,stl,,,,,,,,
11/21/2024,fla,chi,,,,,,,,
11/21/2024,nyr,cgy,,,,,,,,
11/21/2024,min,edm,,,,,,,,
11/22/2024,wpg,pit,,,,,,,,
11/22/2024,buf,ana,,,,,,,,
11/23/2024,chi,phi,,,,,,,,
11/23/2024,min,cgy,,,,,,,,
11/23/2024,sea,la,,,,,,,,
11/23/2024,col,fla,,,,,,,,
11/23/2024,vgk,mtl,,,,,,,,
11/23/2024,van,ott,,,,,,,,
11/23/2024,bos,det,,,,,,,,
11/23/2024,dal,tb,,,,,,,,
11/23/2024,ari,pit,,,,,,,,
11/23/2024,nj,wsh,,,,,,,,
11/23/2024,car,cbj,,,,,,,,
11/23/2024,wpg,nsh,,,,,,,,
11/23/2024,stl,nyi,,,,,,,,
11/23/2024,buf,sj,,,,,,,,
11/23/2024,nyr,edm,,,,,,,,
11/24/2024,ari,tor,,,,,,,,
11/25/2024,col,tb,,,,,,,,
11/25/2024,wsh,fla,,,,,,,,
11/25/2024,nsh,nj,,,,,,,,
11/25/2024,stl,nyr,,,,,,,,
11/25/2024,vgk,phi,,,,,,,,
11/25/2024,dal,car,,,,,,,,
11/25/2024,cgy,ott,,,,,,,,
11/25/2024,det,nyi,,,,,,,,
11/25/2024,wpg,min,,,,,,,,
11/25/2024,sea,ana,,,,,,,,
11/25/2024,la,sj,,,,,,,,
11/26/2024,van,bos,,,,,,,,
11/26/2024,ari,mtl,,,,,,,,
11/27/2024,min,buf,,,,,,,,
11/27/2024,stl,nj,,,,,,,,
11/27/2024,nyr,car,,,,,,,,
11/27/2024,cgy,det,,,,,,,,
11/27/2024,wsh,tb,,,,,,,,
11/27/2024,tor,fla,,,,,,,,
11/27/2024,bos,nyi,,,,,,,,
11/27/2024,van,pit,,,,,,,,
11/27/2024,mtl,cbj,,,,,,,,
11/27/2024,phi,nsh,,,,,,,,
11/27/2024,dal,chi,,,,,,,,
11/27/2024,vgk,col,,,,,,,,
11/27/2024,wpg,la,,,,,,,,
11/27/2024,ana,sea,,,,,,,,
11/27/2024,ott,sj,,,,,,,,
11/29/2024,nyr,phi,,,,,,,,
11/29/2024,chi,min,,,,,,,,
11/29/2024,van,buf,,,,,,,,
11/29/2024,nj,det,,,,,,,,
11/29/2024,nyi,wsh,,,,,,,,
11/29/2024,fla,car,,,,,,,,
11/29/2024,cgy,cbj,,,,,,,,
11/29/2024,tb,nsh,,,,,,,,
11/29/2024,la,ana,,,,,,,,
11/29/2024,sea,sj,,,,,,,,
11/29/2024,pit,bos,,,,,,,,
11/29/2024,col,dal,,,,,,,,
11/29/2024,wpg,vgk,,,,,,,,
11/29/2024,edm,ari,,,,,,,,
11/30/2024,mtl,nyr,,,,,,,,
11/30/2024,car,fla,,,,,,,,
11/30/2024,tor,tb,,,,,,,,
11/30/2024,wsh,nj,,,,,,,,
11/30/2024,cgy,pit,,,,,,,,
11/30/2024,phi,stl,,,,,,,,
11/30/2024,ott,la,,,,,,,,
11/30/2024,buf,nyi,,,,,,,,
11/30/2024,nsh,min,,,,,,,,
11/30/2024,edm,col,,,,,,,,
11/30/2024,ari,vgk,,,,,,,,
11/30/2024,sj,sea,,,,,,,,
12/1/2024,van,det,,,,,,,,
12/1/2024,mtl,bos,,,,,,,,
12/1/2024,cbj,chi,,,,,,,,
12/1/2024,wpg,dal,,,,,,,,
12/1/2024,ott,ana,,,,,,,,
12/2/2024,nj,nyr,,,,,,,,
12/2/2024,chi,tor,,,,,,,,
12/2/2024,dal,ari,,,,,,,,
12/3/2024,det,bos,,,,,,,,
12/3/2024,col,buf,,,,,,,,
12/3/2024,nyi,mtl,,,,,,,,
12/3/2024,fla,pit,,,,,,,,
12/3/2024,sj,wsh,,,,,,,,
12/3/2024,sea,car,,,,,,,,
12/3/2024,van,min,,,,,,,,
12/3/2024,stl,wpg,,,,,,,,
12/3/2024,cbj,cgy,,,,,,,,
12/3/2024,edm,vgk,,,,,,,,
12/4/2024,nsh,tor,,,,,,,,
12/4/2024,bos,chi,,,,,,,,
12/4/2024,vgk,ana,,,,,,,,
12/4/2024,dal,la,,,,,,,,
12/5/2024,wpg,buf,,,,,,,,
12/5/2024,nsh,mtl,,,,,,,,
12/5/2024,det,ott,,,,,,,,
12/5/2024,sj,tb,,,,,,,,
12/5/2024,fla,phi,,,,,,,,
12/5/2024,col,car,,,,,,,,
12/5/2024,sea,nyi,,,,,,,,
12/5/2024,stl,cgy,,,,,,,,
12/5/2024,cbj,edm,,,,,,,,
12/6/2024,wsh,tor,,,,,,,,
12/6/2024,sea,nj,,,,,,,,
12/6/2024,pit,nyr,,,,,,,,
12/6/2024,cbj,van,,,,,,,,
12/6/2024,dal,vgk,,,,,,,,
12/6/2024,min,ana,,,,,,,,
12/7/2024,phi,bos,,,,,,,,
12/7/2024,ari,buf,,,,,,,,
12/7/2024,wpg,chi,,,,,,,,
12/7/2024,car,nyi,,,,,,,,
12/7/2024,sj,fla,,,,,,,,
12/7/2024,wsh,mtl,,,,,,,,
12/7/2024,nsh,ott,,,,,,,,
12/7/2024,col,det,,,,,,,,
12/7/2024,tor,pit,,,,,,,,
12/7/2024,min,la,,,,,,,,
12/7/2024,stl,edm,,,,,,,,
12/8/2024,sea,nyr,,,,,,,,
12/8/2024,tb,van,,,,,,,,
12/8/2024,nyi,ott,,,,,,,,
12/8/2024,cbj,wpg,,,,,,,,
12/8/2024,col,nj,,,,,,,,
12/8/2024,ari,phi,,,,,,,,
12/8/2024,cgy,dal,,,,,,,,
12/9/2024,det,buf,,,,,,,,
12/9/2024,chi,nyr,,,,,,,,
12/9/2024,ana,mtl,,,,,,,,
12/10/2024,tor,nj,,,,,,,,
12/10/2024,col,pit,,,,,,,,
12/10/2024,sj,car,,,,,,,,
12/10/2024,phi,cbj,,,,,,,,
12/10/2024,la,nyi,,,,,,,,
12/10/2024,cgy,nsh,,,,,,,,
12/10/2024,bos,wpg,,,,,,,,
12/10/2024,tb,edm,,,,,,,,
12/10/2024,min,ari,,,,,,,,
12/10/2024,stl,van,,,,,,,,
12/10/2024,fla,sea,,,,,,,,
12/11/2024,nyr,buf,,,,,,,,
12/11/2024,ana,ott,,,,,,,,
12/12/2024,ana,tor,,,,,,,,
12/12/2024,pit,mtl,,,,,,,,
12/12/2024,la,nj,,,,,,,,
12/12/2024,det,phi,,,,,,,,
12/12/2024,wsh,cbj,,,,,,,,
12/12/2024,chi,nyi,,,,,,,,
12/12/2024,sj,stl,,,,,,,,
12/12/2024,nsh,dal,,,,,,,,
12/12/2024,edm,min,,,,,,,,
12/12/2024,vgk,wpg,,,,,,,,
12/12/2024,ari,col,,,,,,,,
12/12/2024,tb,cgy,,,,,,,,
12/12/2024,fla,van,,,,,,,,
12/12/2024,bos,sea,,,,,,,,
12/13/2024,ott,car,,,,,,,,
12/14/2024,chi,nj,,,,,,,,
12/14/2024,la,nyr,,,,,,,,
12/14/2024,phi,min,,,,,,,,
12/14/2024,vgk,edm,,,,,,,,
12/14/2024,pit,ott,,,,,,,,
12/14/2024,tor,det,,,,,,,,
12/14/2024,buf,wsh,,,,,,,,
12/14/2024,ana,cbj,,,,,,,,
12/14/2024,mtl,wpg,,,,,,,,
12/14/2024,stl,dal,,,,,,,,
12/14/2024,nsh,col,,,,,,,,
12/14/2024,fla,cgy,,,,,,,,
12/14/2024,bos,van,,,,,,,,
12/14/2024,ari,sj,,,,,,,,
12/14/2024,tb,sea,,,,,,,,
12/15/2024,nyi,chi,,,,,,,,
12/15/2024,buf,tor,,,,,,,,
12/15/2024,cbj,car,,,,,,,,
12/15/2024,nyr,stl,,,,,,,,
12/15/2024,vgk,min,,,,,,,,
12/16/2024,wsh,dal,,,,,,,,
12/16/2024,fla,edm,,,,,,,,
12/16/2024,col,van,,,,,,,,
12/17/2024,buf,mtl,,,,,,,,
12/17/2024,cbj,tb,,,,,,,,
12/17/2024,la,pit,,,,,,,,
12/17/2024,nyi,car,,,,,,,,
12/17/2024,nj,stl,,,,,,,,
12/17/2024,nyr,nsh,,,,,,,,
12/17/2024,wsh,chi,,,,,,,,
12/17/2024,bos,cgy,,,,,,,,
12/17/2024,ott,sea,,,,,,,,
12/17/2024,wpg,sj,,,,,,,,
12/18/2024,phi,det,,,,,,,,
12/18/2024,tor,dal,,,,,,,,
12/18/2024,fla,min,,,,,,,,
12/18/2024,van,ari,,,,,,,,
12/18/2024,wpg,ana,,,,,,,,
12/19/2024,stl,tb,,,,,,,,
12/19/2024,la,phi,,,,,,,,
12/19/2024,nj,cbj,,,,,,,,
12/19/2024,pit,nsh,,,,,,,,
12/19/2024,sea,chi,,,,,,,,
12/19/2024,ott,cgy,,,,,,,,
12/19/2024,bos,edm,,,,,,,,
12/19/2024,van,vgk,,,,,,,,
12/19/2024,col,sj,,,,,,,,
12/20/2024,tor,buf,,,,,,,,
12/20/2024,mtl,det,,,,,,,,
12/20/2024,stl,fla,,,,,,,,
12/20/2024,car,wsh,,,,,,,,
12/20/2024,nyr,dal,,,,,,,,
12/20/2024,ari,min,,,,,,,,
12/20/2024,col,ana,,,,,,,,
12/21/2024,la,nsh,,,,,,,,
12/21/2024,chi,cgy,,,,,,,,
12/21/2024,sj,edm,,,,,,,,
12/21/2024,buf,bos,,,,,,,,
12/21/2024,nyi,tor,,,,,,,,
12/21/2024,det,mtl,,,,,,,,
12/21/2024,pit,nj,,,,,,,,
12/21/2024,cbj,phi,,,,,,,,
12/21/2024,min,wpg,,,,,,,,
12/21/2024,ott,van,,,,,,,,
12/21/2024,sea,vgk,,,,,,,,
12/22/2024,car,nyr,,,,,,,,
12/22/2024,fla,tb,,,,,,,,
12/22/2024,la,wsh,,,,,,,,
12/22/2024,ana,ari,,,,,,,,
12/22/2024,sea,col,,,,,,,,
12/22/2024,ott,edm,,,,,,,,
12/23/2024,nyr,nj,,,,,,,,
12/23/2024,wpg,tor,,,,,,,,
12/23/2024,wsh,bos,,,,,,,,
12/23/2024,stl,det,,,,,,,,
12/23/2024,tb,fla,,,,,,,,
12/23/2024,phi,pit,,,,,,,,
12/23/2024,mtl,cbj,,,,,,,,
12/23/2024,buf,nyi,,,,,,,,
12/23/2024,car,nsh,,,,,,,,
12/23/2024,chi,min,,,,,,,,
12/23/2024,sj,van,,,,,,,,
12/23/2024,dal,ari,,,,,,,,
12/23/2024,ana,vgk,,,,,,,,
12/27/2024,chi,buf,,,,,,,,
12/27/2024,tor,det,,,,,,,,
12/27/2024,car,nj,,,,,,,,
12/27/2024,bos,cbj,,,,,,,,
12/27/2024,nsh,stl,,,,,,,,
12/27/2024,min,dal,,,,,,,,
12/27/2024,col,ari,,,,,,,,
12/27/2024,vgk,sj,,,,,,,,
12/28/2024,mtl,fla,,,,,,,,
12/28/2024,sea,van,,,,,,,,
12/28/2024,phi,ana,,,,,,,,
12/28/2024,edm,la,,,,,,,,
12/28/2024,cbj,bos,,,,,,,,
12/28/2024,wsh,tor,,,,,,,,
12/28/2024,nyr,tb,,,,,,,,
12/28/2024,nj,car,,,,,,,,
12/28/2024,ott,wpg,,,,,,,,
12/28/2024,pit,nyi,,,,,,,,
12/28/2024,cgy,sj,,,,,,,,
12/29/2024,dal,chi,,,,,,,,
12/29/2024,edm,ana,,,,,,,,
12/29/2024,wsh,det,,,,,,,,
12/29/2024,mtl,tb,,,,,,,,
12/29/2024,nyi,pit,,,,,,,,
12/29/2024,buf,stl,,,,,,,,
12/29/2024,ott,min,,,,,,,,
12/29/2024,cgy,vgk,,,,,,,,
12/29/2024,phi,la,,,,,,,,
12/30/2024,nyr,fla,,,,,,,,
12/30/2024,nsh,wpg,,,,,,,,
12/30/2024,ari,sea,,,,,,,,
12/31/2024,bos,wsh,,,,,,,,
12/31/2024,nyi,tor,,,,,,,,
12/31/2024,mtl,vgk,,,,,,,,
12/31/2024,stl,chi,,,,,,,,
12/31/2024,pit,det,,,,,,,,
12/31/2024,car,cbj,,,,,,,,
12/31/2024,buf,dal,,,,,,,,
12/31/2024,nsh,min,,,,,,,,
12/31/2024,wpg,col,,,,,,,,
12/31/2024,nj,ana,,,,,,,,
12/31/2024,phi,sj,,,,,,,,
12/31/2024,van,cgy,,,,,,,,
12/31/2024,ari,edm,,,,,,,,
1/1/2025,nj,la,,,,,,,,
1/2/2025,car,fla,,,,,,,,
1/2/2025,bos,nyr,,,,,,,,
1/2/2025,min,wsh,,,,,,,,
1/2/2025,det,cbj,,,,,,,,
1/2/2025,tor,nyi,,,,,,,,
1/2/2025,ott,dal,,,,,,,,
1/2/2025,ana,wpg,,,,,,,,
1/2/2025,buf,col,,,,,,,,
1/2/2025,ari,cgy,,,,,,,,
1/2/2025,phi,vgk,,,,,,,,
1/2/2025,van,sea,,,,,,,,
1/2/2025,tb,sj,,,,,,,,
1/3/2025,pit,fla,,,,,,,,
1/3/2025,mtl,chi,,,,,,,,
1/3/2025,ott,stl,,,,,,,,
1/3/2025,ana,edm,,,,,,,,
1/3/2025,nsh,van,,,,,,,,
1/4/2025,nyr,wsh,,,,,,,,
1/4/2025,det,wpg,,,,,,,,
1/4/2025,nj,sj,,,,,,,,
1/4/2025,bos,tor,,,,,,,,
1/4/2025,min,car,,,,,,,,
1/4/2025,stl,cbj,,,,,,,,
1/4/2025,mtl,col,,,,,,,,
1/4/2025,nsh,cgy,,,,,,,,
1/4/2025,ari,dal,,,,,,,,
1/4/2025,tb,la,,,,,,,,
1/4/2025,buf,vgk,,,,,,,,
1/4/2025,edm,sea,,,,,,,,
1/5/2025,nyr,chi,,,,,,,,
1/5/2025,nyi,bos,,,,,,,,
1/5/2025,pit,car,,,,,,,,
1/5/2025,phi,tor,,,,,,,,
1/5/2025,tb,ana,,,,,,,,
1/6/2025,wsh,buf,,,,,,,,
1/6/2025,van,mtl,,,,,,,,
1/6/2025,fla,col,,,,,,,,
1/6/2025,nj,sea,,,,,,,,
1/7/2025,edm,bos,,,,,,,,
1/7/2025,ott,det,,,,,,,,
1/7/2025,dal,nyr,,,,,,,,
1/7/2025,tor,phi,,,,,,,,
1/7/2025,cbj,pit,,,,,,,,
1/7/2025,stl,min,,,,,,,,
1/7/2025,nsh,wpg,,,,,,,,
1/7/2025,cgy,ana,,,,,,,,
1/7/2025,vgk,sj,,,,,,,,
1/8/2025,van,wsh,,,,,,,,
1/8/2025,col,chi,,,,,,,,
1/8/2025,fla,ari,,,,,,,,
1/8/2025,cgy,la,,,,,,,,
1/9/2025,buf,ott,,,,,,,,
1/9/2025,bos,tb,,,,,,,,
1/9/2025,nj,nyr,,,,,,,,
1/9/2025,dal,phi,,,,,,,,
1/9/2025,edm,pit,,,,,,,,
1/9/2025,tor,car,,,,,,,,
1/9/2025,sea,cbj,,,,,,,,
1/9/2025,ana,stl,,,,,,,,
1/9/2025,col,min,,,,,,,,
1/9/2025,nyi,vgk,,,,,,,,
1/10/2025,chi,det,,,,,,,,
1/10/2025,mtl,wsh,,,,,,,,
1/10/2025,van,car,,,,,,,,
1/10/2025,la,wpg,,,,,,,,
1/10/2025,sj,ari,,,,,,,,
1/11/2025,bos,fla,,,,,,,,
1/11/2025,sea,buf,,,,,,,,
1/11/2025,ott,pit,,,,,,,,
1/11/2025,van,tor,,,,,,,,
1/11/2025,dal,mtl,,,,,,,,
1/11/2025,tb,nj,,,,,,,,
1/11/2025,ana,phi,,,,,,,,
1/11/2025,edm,chi,,,,,,,,
1/11/2025,cbj,stl,,,,,,,,
1/11/2025,col,wpg,,,,,,,,
1/11/2025,wsh,nsh,,,,,,,,
1/11/2025,nyi,ari,,,,,,,,
1/11/2025,la,cgy,,,,,,,,
1/11/2025,nyr,vgk,,,,,,,,
1/11/2025,min,sj,,,,,,,,
1/12/2025,sea,det,,,,,,,,
1/12/2025,dal,ott,,,,,,,,
1/12/2025,tb,pit,,,,,,,,
1/12/2025,ana,car,,,,,,,,
1/12/2025,min,vgk,,,,,,,,
1/13/2025,fla,phi,,,,,,,,
1/13/2025,cgy,chi,,,,,,,,
1/13/2025,la,edm,,,,,,,,
1/14/2025,tb,bos,,,,,,,,
1/14/2025,dal,tor,,,,,,,,
1/14/2025,sj,det,,,,,,,,
1/14/2025,fla,nj,,,,,,,,
1/14/2025,sea,pit,,,,,,,,
1/14/2025,ana,wsh,,,,,,,,
1/14/2025,phi,cbj,,,,,,,,
1/14/2025,ott,nyi,,,,,,,,
1/14/2025,cgy,stl,,,,,,,,
1/14/2025,vgk,nsh,,,,,,,,
1/14/2025,van,wpg,,,,,,,,
1/14/2025,nyr,col,,,,,,,,
1/14/2025,mtl,ari,,,,,,,,
1/15/2025,car,buf,,,,,,,,
1/15/2025,edm,min,,,,,,,,
1/16/2025,nj,tor,,,,,,,,
1/16/2025,wsh,ott,,,,,,,,
1/16/2025,ana,tb,,,,,,,,
1/16/2025,det,fla,,,,,,,,
1/16/2025,sj,cbj,,,,,,,,
1/16/2025,phi,nyi,,,,,,,,
1/16/2025,cgy,stl,,,,,,,,
1/16/2025,chi,nsh,,,,,,,,
1/16/2025,mtl,dal,,,,,,,,
1/16/2025,sea,wpg,,,,,,,,
1/16/2025,nyr,ari,,,,,,,,
1/16/2025,edm,col,,,,,,,,
1/16/2025,la,van,,,,,,,,
1/17/2025,pit,buf,,,,,,,,
1/17/2025,vgk,car,,,,,,,,
1/18/2025,phi,nj,,,,,,,,
1/18/2025,bos,ott,,,,,,,,
1/18/2025,dal,col,,,,,,,,
1/18/2025,ana,fla,,,,,,,,
1/18/2025,tor,mtl,,,,,,,,
1/18/2025,det,tb,,,,,,,,
1/18/2025,cbj,nyr,,,,,,,,
1/18/2025,pit,wsh,,,,,,,,
1/18/2025,cgy,wpg,,,,,,,,
1/18/2025,sj,nyi,,,,,,,,
1/18/2025,vgk,chi,,,,,,,,
1/18/2025,min,nsh,,,,,,,,
1/18/2025,stl,ari,,,,,,,,
1/18/2025,edm,van,,,,,,,,
1/18/2025,la,sea,,,,,,,,
1/19/2025,ott,nj,,,,,,,,
1/19/2025,nyr,mtl,,,,,,,,
1/19/2025,det,dal,,,,,,,,
1/20/2025,sj,bos,,,,,,,,
1/20/2025,min,col,,,,,,,,
1/20/2025,buf,sea,,,,,,,,
1/20/2025,stl,vgk,,,,,,,,
1/20/2025,tb,tor,,,,,,,,
1/20/2025,cbj,nyi,,,,,,,,
1/20/2025,car,chi,,,,,,,,
1/20/2025,wpg,ari,,,,,,,,
1/20/2025,pit,la,,,,,,,,
1/21/2025,tb,mtl,,,,,,,,
1/21/2025,ott,nyr,,,,,,,,
1/21/2025,det,phi,,,,,,,,
1/21/2025,sj,nsh,,,,,,,,
1/21/2025,car,dal,,,,,,,,
1/21/2025,wsh,edm,,,,,,,,
1/21/2025,buf,van,,,,,,,,
1/21/2025,fla,ana,,,,,,,,
1/22/2025,cbj,tor,,,,,,,,
1/22/2025,bos,nj,,,,,,,,
1/22/2025,wpg,col,,,,,,,,
1/22/2025,fla,la,,,,,,,,
1/23/2025,ott,bos,,,,,,,,
1/23/2025,mtl,det,,,,,,,,
1/23/2025,phi,nyr,,,,,,,,
1/23/2025,cbj,car,,,,,,,,
1/23/2025,vgk,stl,,,,,,,,
1/23/2025,ari,min,,,,,,,,
1/23/2025,buf,cgy,,,,,,,,
1/23/2025,van,edm,,,,,,,,
1/23/2025,pit,ana,,,,,,,,
1/23/2025,wsh,sea,,,,,,,,
1/23/2025,nsh,sj,,,,,,,,
1/24/2025,phi,nyi,,,,,,,,
1/24/2025,tb,chi,,,,,,,,
1/24/2025,vgk,dal,,,,,,,,
1/24/2025,ari,wpg,,,,,,,,
1/25/2025,col,bos,,,,,,,,
1/25/2025,buf,edm,,,,,,,,
1/25/2025,pit,sea,,,,,,,,
1/25/2025,nj,mtl,,,,,,,,
1/25/2025,tor,ott,,,,,,,,
1/25/2025,tb,det,,,,,,,,
1/25/2025,la,cbj,,,,,,,,
1/25/2025,dal,stl,,,,,,,,
1/25/2025,cgy,min,,,,,,,,
1/25/2025,car,nyi,,,,,,,,
1/25/2025,wsh,van,,,,,,,,
1/25/2025,nsh,ana,,,,,,,,
1/25/2025,fla,sj,,,,,,,,
1/26/2025,col,nyr,,,,,,,,
1/26/2025,ari,ott,,,,,,,,
1/26/2025,cgy,wpg,,,,,,,,
1/26/2025,min,chi,,,,,,,,
1/26/2025,fla,vgk,,,,,,,,
1/27/2025,la,det,,,,,,,,
1/27/2025,nj,phi,,,,,,,,
1/27/2025,van,stl,,,,,,,,
1/27/2025,sea,edm,,,,,,,,
1/27/2025,pit,sj,,,,,,,,
1/28/2025,bos,buf,,,,,,,,
1/28/2025,wpg,mtl,,,,,,,,
1/28/2025,chi,tb,,,,,,,,
1/28/2025,car,nyr,,,,,,,,
1/28/2025,col,nyi,,,,,,,,
1/28/2025,wsh,cgy,,,,,,,,
1/28/2025,dal,vgk,,,,,,,,
1/28/2025,ana,sea,,,,,,,,
1/29/2025,min,tor,,,,,,,,
1/29/2025,la,fla,,,,,,,,
1/29/2025,phi,nj,,,,,,,,
1/29/2025,van,nsh,,,,,,,,
1/29/2025,pit,ari,,,,,,,,
1/30/2025,wpg,bos,,,,,,,,
1/30/2025,min,mtl,,,,,,,,
1/30/2025,wsh,ott,,,,,,,,
1/30/2025,la,tb,,,,,,,,
1/30/2025,nyi,phi,,,,,,,,
1/30/2025,chi,car,,,,,,,,
1/30/2025,ana,cgy,,,,,,,,
1/30/2025,det,edm,,,,,,,,
1/30/2025,cbj,vgk,,,,,,,,
1/30/2025,sj,sea,,,,,,,,
1/31/2025,nsh,buf,,,,,,,,
1/31/2025,van,dal,,,,,,,,
1/31/2025,stl,col,,,,,,,,
1/31/2025,cbj,ari,,,,,,,,
2/1/2025,chi,fla,,,,,,,,
2/1/2025,nyr,bos,,,,,,,,
2/1/2025,min,ott,,,,,,,,
2/1/2025,nyi,tb,,,,,,,,
2/1/2025,nsh,pit,,,,,,,,
2/1/2025,wpg,wsh,,,,,,,,
2/1/2025,la,car,,,,,,,,
2/1/2025,tor,edm,,,,,,,,
2/1/2025,det,cgy,,,,,,,,
2/2/2025,nj,buf,,,,,,,,
2/2/2025,phi,col,,,,,,,,
2/2/2025,mtl,ana,,,,,,,,
2/2/2025,nyi,fla,,,,,,,,
2/2/2025,vgk,nyr,,,,,,,,
2/2/2025,cbj,dal,,,,,,,,
2/2/2025,stl,ari,,,,,,,,
2/2/2025,det,van,,,,,,,,
2/2/2025,cgy,sea,,,,,,,,
2/3/2025,ott,nsh,,,,,,,,
2/4/2025,min,bos,,,,,,,,
2/4/2025,cbj,buf,,,,,,,,
2/4/2025,ott,tb,,,,,,,,
2/4/2025,nj,pit,,,,,,,,
2/4/2025,fla,wsh,,,,,,,,
2/4/2025,vgk,nyi,,,,,,,,
2/4/2025,edm,stl,,,,,,,,
2/4/2025,car,wpg,,,,,,,,
2/4/2025,tor,cgy,,,,,,,,
2/4/2025,phi,ari,,,,,,,,
2/4/2025,col,van,,,,,,,,
2/4/2025,dal,ana,,,,,,,,
2/4/2025,det,sea,,,,,,,,
2/4/2025,mtl,sj,,,,,,,,
2/5/2025,bos,nyr,,,,,,,,
2/5/2025,edm,chi,,,,,,,,
2/5/2025,mtl,la,,,,,,,,
2/6/2025,ott,tb,,,,,,,,
2/6/2025,vgk,nj,,,,,,,,
2/6/2025,wsh,phi,,,,,,,,
2/6/2025,ari,cbj,,,,,,,,
2/6/2025,fla,stl,,,,,,,,
2/6/2025,car,min,,,,,,,,
2/6/2025,col,cgy,,,,,,,,
2/6/2025,tor,sea,,,,,,,,
2/6/2025,van,sj,,,,,,,,
2/7/2025,pit,nyr,,,,,,,,
2/7/2025,nyi,wpg,,,,,,,,
2/7/2025,nsh,chi,,,,,,,,
2/7/2025,col,edm,,,,,,,,
2/7/2025,dal,la,,,,,,,,
2/8/2025,nj,mtl,,,,,,,,
2/8/2025,tb,det,,,,,,,,
2/8/2025,ari,car,,,,,,,,
2/8/2025,vgk,bos,,,,,,,,
2/8/2025,ott,fla,,,,,,,,
2/8/2025,pit,phi,,,,,,,,
2/8/2025,nyr,cbj,,,,,,,,
2/8/2025,chi,stl,,,,,,,,
2/8/2025,tor,van,,,,,,,,
2/8/2025,buf,nsh,,,,,,,,
2/8/2025,nyi,min,,,,,,,,
2/8/2025,sea,cgy,,,,,,,,
2/8/2025,ana,la,,,,,,,,
2/8/2025,dal,sj,,,,,,,,
2/9/2025,ari,wsh,,,,,,,,
2/9/2025,tb,mtl,,,,,,,,
2/22/2025,edm,phi,,,,,,,,
2/22/2025,wsh,pit,,,,,,,,
2/22/2025,min,det,,,,,,,,
2/22/2025,nyr,buf,,,,,,,,
2/22/2025,sea,fla,,,,,,,,
2/22/2025,dal,nj,,,,,,,,
2/22/2025,col,nsh,,,,,,,,
2/22/2025,ana,bos,,,,,,,,
2/22/2025,car,tor,,,,,,,,
2/22/2025,mtl,ott,,,,,,,,
2/22/2025,chi,cbj,,,,,,,,
2/22/2025,wpg,stl,,,,,,,,
2/22/2025,ari,la,,,,,,,,
2/22/2025,van,vgk,,,,,,,,
2/23/2025,edm,wsh,,,,,,,,
2/23/2025,nyr,pit,,,,,,,,
2/23/2025,ana,det,,,,,,,,
2/23/2025,sea,tb,,,,,,,,
2/23/2025,col,stl,,,,,,,,
2/23/2025,nj,nsh,,,,,,,,
2/23/2025,tor,chi,,,,,,,,
2/23/2025,dal,nyi,,,,,,,,
2/23/2025,sj,cgy,,,,,,,,
2/23/2025,van,ari,,,,,,,,
2/24/2025,sj,wpg,,,,,,,,
2/24/2025,vgk,la,,,,,,,,
2/25/2025,tor,bos,,,,,,,,
2/25/2025,ana,buf,,,,,,,,
2/25/2025,car,mtl,,,,,,,,
2/25/2025,edm,tb,,,,,,,,
2/25/2025,pit,phi,,,,,,,,
2/25/2025,cgy,wsh,,,,,,,,
2/25/2025,dal,cbj,,,,,,,,
2/25/2025,nyr,nyi,,,,,,,,
2/25/2025,sea,stl,,,,,,,,
2/25/2025,fla,nsh,,,,,,,,
2/25/2025,det,min,,,,,,,,
2/25/2025,chi,ari,,,,,,,,
2/26/2025,wpg,ott,,,,,,,,
2/26/2025,nj,col,,,,,,,,
2/26/2025,van,la,,,,,,,,
2/27/2025,nyi,bos,,,,,,,,
2/27/2025,sj,mtl,,,,,,,,
2/27/2025,cbj,det,,,,,,,,
2/27/2025,cgy,tb,,,,,,,,
2/27/2025,edm,fla,,,,,,,,
2/27/2025,phi,pit,,,,,,,,
2/27/2025,stl,wsh,,,,,,,,
2/27/2025,buf,car,,,,,,,,
2/27/2025,wpg,nsh,,,,,,,,
2/27/2025,min,ari,,,,,,,,
2/27/2025,chi,vgk,,,,,,,,
2/27/2025,van,ana,,,,,,,,
2/28/2025,tor,nyr,,,,,,,,
2/28/2025,la,dal,,,,,,,,
2/28/2025,min,col,,,,,,,,
3/1/2025,nsh,nyi,,,,,,,,
3/1/2025,tb,wsh,,,,,,,,
3/1/2025,det,cbj,,,,,,,,
3/1/2025,cgy,fla,,,,,,,,
3/1/2025,bos,pit,,,,,,,,
3/1/2025,mtl,buf,,,,,,,,
3/1/2025,sj,ott,,,,,,,,
3/1/2025,edm,car,,,,,,,,
3/1/2025,phi,wpg,,,,,,,,
3/1/2025,la,stl,,,,,,,,
3/1/2025,nj,ari,,,,,,,,
3/1/2025,chi,ana,,,,,,,,
3/1/2025,van,sea,,,,,,,,
3/2/2025,tor,pit,,,,,,,,
3/2/2025,bos,min,,,,,,,,
3/2/2025,cgy,car,,,,,,,,
3/2/2025,stl,dal,,,,,,,,
3/2/2025,nsh,nyr,,,,,,,,
3/2/2025,nj,vgk,,,,,,,,
3/3/2025,ott,wsh,,,,,,,,
3/3/2025,buf,mtl,,,,,,,,
3/3/2025,tb,fla,,,,,,,,
3/3/2025,nyi,nyr,,,,,,,,
3/3/2025,sj,tor,,,,,,,,
3/3/2025,la,chi,,,,,,,,
3/4/2025,nsh,bos,,,,,,,,
3/4/2025,sj,buf,,,,,,,,
3/4/2025,car,det,,,,,,,,
3/4/2025,cbj,tb,,,,,,,,
3/4/2025,cgy,phi,,,,,,,,
3/4/2025,wpg,nyi,,,,,,,,
3/4/2025,nj,dal,,,,,,,,
3/4/2025,pit,col,,,,,,,,
3/4/2025,ana,edm,,,,,,,,
3/4/2025,min,sea,,,,,,,,
3/5/2025,wsh,nyr,,,,,,,,
3/5/2025,ott,chi,,,,,,,,
3/5/2025,tor,vgk,,,,,,,,
3/5/2025,ana,van,,,,,,,,
3/5/2025,stl,la,,,,,,,,
3/6/2025,ari,det,,,,,,,,
3/6/2025,buf,tb,,,,,,,,
3/6/2025,cbj,fla,,,,,,,,
3/6/2025,wpg,phi,,,,,,,,
3/6/2025,bos,car,,,,,,,,
3/6/2025,sea,nsh,,,,,,,,
3/6/2025,cgy,dal,,,,,,,,
3/6/2025,mtl,edm,,,,,,,,
3/6/2025,sj,col,,,,,,,,
3/7/2025,wpg,nj,,,,,,,,
3/7/2025,det,wsh,,,,,,,,
3/7/2025,ari,chi,,,,,,,,
3/7/2025,min,van,,,,,,,,
3/7/2025,pit,vgk,,,,,,,,
3/7/2025,stl,ana,,,,,,,,
3/8/2025,nyr,ott,,,,,,,,
3/8/2025,sea,phi,,,,,,,,
3/8/2025,bos,tb,,,,,,,,
3/8/2025,buf,fla,,,,,,,,
3/8/2025,tor,col,,,,,,,,
3/8/2025,mtl,cgy,,,,,,,,
3/8/2025,chi,nsh,,,,,,,,
3/8/2025,stl,la,,,,,,,,
3/8/2025,dal,edm,,,,,,,,
3/8/2025,nyi,sj,,,,,,,,
3/9/2025,nj,phi,,,,,,,,
3/9/2025,sea,wsh,,,,,,,,
3/9/2025,pit,min,,,,,,,,
3/9/2025,wpg,car,,,,,,,,
3/9/2025,cbj,nyr,,,,,,,,
3/9/2025,la,vgk,,,,,,,,
3/9/2025,dal,van,,,,,,,,
3/9/2025,nyi,ana,,,,,,,,
3/10/2025,edm,buf,,,,,,,,
3/10/2025,det,ott,,,,,,,,
3/10/2025,chi,col,,,,,,,,
3/10/2025,tor,ari,,,,,,,,
3/11/2025,fla,bos,,,,,,,,
3/11/2025,cbj,nj,,,,,,,,
3/11/2025,ott,phi,,,,,,,,
3/11/2025,vgk,pit,,,,,,,,
3/11/2025,tb,car,,,,,,,,
3/11/2025,col,min,,,,,,,,
3/11/2025,nyr,wpg,,,,,,,,
3/11/2025,mtl,van,,,,,,,,
3/11/2025,wsh,ana,,,,,,,,
3/11/2025,nyi,la,,,,,,,,
3/11/2025,nsh,sj,,,,,,,,
3/12/2025,buf,det,,,,,,,,
3/12/2025,van,cgy,,,,,,,,
3/12/2025,ana,ari,,,,,,,,
3/12/2025,mtl,sea,,,,,,,,
3/13/2025,fla,tor,,,,,,,,
3/13/2025,bos,ott,,,,,,,,
3/13/2025,edm,nj,,,,,,,,
3/13/2025,tb,phi,,,,,,,,
3/13/2025,stl,pit,,,,,,,,
3/13/2025,vgk,cbj,,,,,,,,
3/13/2025,nyr,min,,,,,,,,
3/13/2025,wsh,la,,,,,,,,
3/13/2025,chi,sj,,,,,,,,
3/14/2025,det,car,,,,,,,,
3/14/2025,edm,nyi,,,,,,,,
3/14/2025,dal,wpg,,,,,,,,
3/14/2025,col,cgy,,,,,,,,
3/14/2025,nsh,ana,,,,,,,,
3/14/2025,ari,sea,,,,,,,,
3/15/2025,vgk,buf,,,,,,,,
3/15/2025,nj,pit,,,,,,,,
3/15/2025,wsh,sj,,,,,,,,
3/15/2025,tb,bos,,,,,,,,
3/15/2025,ott,tor,,,,,,,,
3/15/2025,fla,mtl,,,,,,,,
3/15/2025,car,phi,,,,,,,,
3/15/2025,nyr,cbj,,,,,,,,
3/15/2025,stl,min,,,,,,,,
3/15/2025,nsh,la,,,,,,,,
3/15/2025,chi,van,,,,,,,,
3/16/2025,vgk,det,,,,,,,,
3/16/2025,dal,col,,,,,,,,
3/16/2025,ana,stl,,,,,,,,
3/16/2025,edm,nyr,,,,,,,,
3/16/2025,fla,nyi,,,,,,,,
3/16/2025,ari,van,,,,,,,,
3/16/2025,wpg,sea,,,,,,,,
3/17/2025,buf,bos,,,,,,,,
3/17/2025,phi,tb,,,,,,,,
3/17/2025,nj,cbj,,,,,,,,
3/17/2025,cgy,tor,,,,,,,,
3/17/2025,la,min,,,,,,,,
3/18/2025,ott,mtl,,,,,,,,
3/18/2025,cgy,nyr,,,,,,,,
3/18/2025,nyi,pit,,,,,,,,
3/18/2025,det,wsh,,,,,,,,
3/18/2025,stl,nsh,,,,,,,,
3/18/2025,ana,dal,,,,,,,,
3/18/2025,sea,chi,,,,,,,,
3/18/2025,ari,edm,,,,,,,,
3/18/2025,wpg,van,,,,,,,,
3/19/2025,col,tor,,,,,,,,
3/19/2025,sea,min,,,,,,,,
3/20/2025,col,ott,,,,,,,,
3/20/2025,cgy,nj,,,,,,,,
3/20/2025,tor,nyr,,,,,,,,
3/20/2025,phi,wsh,,,,,,,,
3/20/2025,fla,cbj,,,,,,,,
3/20/2025,mtl,nyi,,,,,,,,
3/20/2025,van,stl,,,,,,,,
3/20/2025,ana,nsh,,,,,,,,
3/20/2025,tb,dal,,,,,,,,
3/20/2025,la,chi,,,,,,,,
3/20/2025,wpg,edm,,,,,,,,
3/20/2025,buf,ari,,,,,,,,
3/20/2025,bos,vgk,,,,,,,,
3/20/2025,car,sj,,,,,,,,
3/21/2025,cbj,pit,,,,,,,,
3/22/2025,van,nyr,,,,,,,,
3/22/2025,phi,dal,,,,,,,,
3/22/2025,buf,min,,,,,,,,
3/22/2025,chi,stl,,,,,,,,
3/22/2025,cgy,nyi,,,,,,,,
3/22/2025,car,la,,,,,,,,
3/22/2025,fla,wsh,,,,,,,,
3/22/2025,tb,ari,,,,,,,,
3/22/2025,col,mtl,,,,,,,,
3/22/2025,ott,nj,,,,,,,,
3/22/2025,tor,nsh,,,,,,,,
3/22/2025,det,vgk,,,,,,,,
3/22/2025,sea,edm,,,,,,,,
3/22/2025,bos,sj,,,,,,,,
3/23/2025,phi,chi,,,,,,,,
3/23/2025,buf,wpg,,,,,,,,
3/23/2025,pit,fla,,,,,,,,
3/23/2025,nsh,stl,,,,,,,,
3/23/2025,tb,vgk,,,,,,,,
3/23/2025,car,ana,,,,,,,,
3/23/2025,bos,la,,,,,,,,
3/24/2025,van,nj,,,,,,,,
3/24/2025,cbj,nyi,,,,,,,,
3/24/2025,min,dal,,,,,,,,
3/24/2025,det,ari,,,,,,,,
3/25/2025,ott,buf,,,,,,,,
3/25/2025,phi,tor,,,,,,,,
3/25/2025,pit,tb,,,,,,,,
3/25/2025,nsh,car,,,,,,,,
3/25/2025,mtl,stl,,,,,,,,
3/25/2025,vgk,min,,,,,,,,
3/25/2025,wsh,wpg,,,,,,,,
3/25/2025,det,col,,,,,,,,
3/25/2025,sea,cgy,,,,,,,,
3/25/2025,nyr,la,,,,,,,,
3/26/2025,van,nyi,,,,,,,,
3/26/2025,nj,chi,,,,,,,,
3/26/2025,dal,edm,,,,,,,,
3/26/2025,bos,ana,,,,,,,,
3/27/2025,pit,buf,,,,,,,,
3/27/2025,ott,det,,,,,,,,
3/27/2025,ari,tb,,,,,,,,
3/27/2025,mtl,phi,,,,,,,,
3/27/2025,stl,nsh,,,,,,,,
3/27/2025,wsh,min,,,,,,,,
3/27/2025,la,col,,,,,,,,
3/27/2025,dal,cgy,,,,,,,,
3/27/2025,edm,sea,,,,,,,,
3/27/2025,tor,sj,,,,,,,,
3/28/2025,ari,fla,,,,,,,,
3/28/2025,mtl,car,,,,,,,,
3/28/2025,van,cbj,,,,,,,,
3/28/2025,nj,wpg,,,,,,,,
3/28/2025,vgk,chi,,,,,,,,
3/28/2025,nyr,ana,,,,,,,,
3/29/2025,buf,phi,,,,,,,,
3/29/2025,nyi,tb,,,,,,,,
3/29/2025,stl,col,,,,,,,,
3/29/2025,nj,min,,,,,,,,
3/29/2025,vgk,nsh,,,,,,,,
3/29/2025,cbj,ott,,,,,,,,
3/29/2025,tor,la,,,,,,,,
3/29/2025,bos,det,,,,,,,,
3/29/2025,cgy,edm,,,,,,,,
3/29/2025,nyr,sj,,,,,,,,
3/29/2025,dal,sea,,,,,,,,
3/30/2025,mtl,fla,,,,,,,,
3/30/2025,buf,wsh,,,,,,,,
3/30/2025,van,wpg,,,,,,,,
3/30/2025,ari,chi,,,,,,,,
3/30/2025,ott,pit,,,,,,,,
3/30/2025,nyi,car,,,,,,,,
3/30/2025,tor,ana,,,,,,,,
3/30/2025,sj,la,,,,,,,,
3/31/2025,min,nj,,,,,,,,
3/31/2025,nsh,phi,,,,,,,,
3/31/2025,cgy,col,,,,,,,,
3/31/2025,dal,sea,,,,,,,,
4/1/2025,wsh,bos,,,,,,,,
4/1/2025,fla,mtl,,,,,,,,
4/1/2025,buf,ott,,,,,,,,
4/1/2025,nsh,cbj,,,,,,,,
4/1/2025,tb,nyi,,,,,,,,
4/1/2025,det,stl,,,,,,,,
4/1/2025,cgy,ari,,,,,,,,
4/1/2025,edm,vgk,,,,,,,,
4/1/2025,sj,ana,,,,,,,,
4/1/2025,wpg,la,,,,,,,,
4/2/2025,min,nyr,,,,,,,,
4/2/2025,wsh,car,,,,,,,,
4/2/2025,fla,tor,,,,,,,,
4/2/2025,col,chi,,,,,,,,
4/2/2025,sea,van,,,,,,,,
4/3/2025,bos,mtl,,,,,,,,
4/3/2025,tb,ott,,,,,,,,
4/3/2025,col,cbj,,,,,,,,
4/3/2025,pit,stl,,,,,,,,
4/3/2025,nsh,dal,,,,,,,,
4/3/2025,la,ari,,,,,,,,
4/3/2025,ana,cgy,,,,,,,,
4/3/2025,wpg,vgk,,,,,,,,
4/3/2025,edm,sj,,,,,,,,
4/4/2025,car,det,,,,,,,,
4/4/2025,chi,wsh,,,,,,,,
4/4/2025,min,nyi,,,,,,,,
4/5/2025,nyr,nj,,,,,,,,
4/5/2025,fla,ott,,,,,,,,
4/5/2025,pit,dal,,,,,,,,
4/5/2025,ana,van,,,,,,,,
4/5/2025,edm,la,,,,,,,,
4/5/2025,car,bos,,,,,,,,
4/5/2025,tb,buf,,,,,,,,
4/5/2025,cbj,tor,,,,,,,,
4/5/2025,phi,mtl,,,,,,,,
4/5/2025,col,stl,,,,,,,,
4/5/2025,wpg,ari,,,,,,,,
4/5/2025,vgk,cgy,,,,,,,,
4/5/2025,sea,sj,,,,,,,,
4/6/2025,wsh,nyi,,,,,,,,
4/6/2025,dal,min,,,,,,,,
4/6/2025,cbj,ott,,,,,,,,
4/6/2025,fla,det,,,,,,,,
4/6/2025,bos,buf,,,,,,,,
4/6/2025,pit,chi,,,,,,,,
4/6/2025,mtl,nsh,,,,,,,,
4/6/2025,vgk,van,,,,,,,,
4/7/2025,tb,nyr,,,,,,,,
4/7/2025,stl,wpg,,,,,,,,
4/7/2025,edm,ana,,,,,,,,
4/7/2025,sea,la,,,,,,,,
4/7/2025,cgy,sj,,,,,,,,
4/8/2025,car,buf,,,,,,,,
4/8/2025,det,mtl,,,,,,,,
4/8/2025,tor,fla,,,,,,,,
4/8/2025,bos,nj,,,,,,,,
4/8/2025,ott,cbj,,,,,,,,
4/8/2025,chi,pit,,,,,,,,
4/8/2025,nyi,nsh,,,,,,,,
4/8/2025,van,dal,,,,,,,,
4/8/2025,sea,ari,,,,,,,,
4/8/2025,vgk,col,,,,,,,,
4/9/2025,tor,tb,,,,,,,,
4/9/2025,phi,nyr,,,,,,,,
4/9/2025,sj,min,,,,,,,,
4/9/2025,stl,edm,,,,,,,,
4/9/2025,cgy,ana,,,,,,,,
4/10/2025,chi,bos,,,,,,,,
4/10/2025,det,fla,,,,,,,,
4/10/2025,car,wsh,,,,,,,,
4/10/2025,buf,cbj,,,,,,,,
4/10/2025,nyr,nyi,,,,,,,,
4/10/2025,wpg,dal,,,,,,,,
4/10/2025,van,col,,,,,,,,
4/10/2025,nsh,ari,,,,,,,,
4/10/2025,sea,vgk,,,,,,,,
4/10/2025,ana,la,,,,,,,,
4/11/2025,mtl,ott,,,,,,,,
4/11/2025,det,tb,,,,,,,,
4/11/2025,pit,nj,,,,,,,,
4/11/2025,sj,edm,,,,,,,,
4/11/2025,min,cgy,,,,,,,,
4/12/2025,nyi,phi,,,,,,,,
4/12/2025,nyr,car,,,,,,,,
4/12/2025,col,la,,,,,,,,
4/12/2025,buf,fla,,,,,,,,
4/12/2025,mtl,tor,,,,,,,,
4/12/2025,wsh,cbj,,,,,,,,
4/12/2025,wpg,chi,,,,,,,,
4/12/2025,ari,dal,,,,,,,,
4/12/2025,min,van,,,,,,,,
4/12/2025,nsh,vgk,,,,,,,,
4/12/2025,stl,sea,,,,,,,,
4/13/2025,phi,ott,,,,,,,,
4/13/2025,nyi,nj,,,,,,,,
4/13/2025,bos,pit,,,,,,,,
4/13/2025,tor,car,,,,,,,,
4/13/2025,buf,tb,,,,,,,,
4/13/2025,cbj,wsh,,,,,,,,
4/13/2025,edm,wpg,,,,,,,,
4/13/2025,sj,cgy,,,,,,,,
4/13/2025,col,ana,,,,,,,,
4/14/2025,chi,mtl,,,,,,,,
4/14/2025,dal,det,,,,,,,,
4/14/2025,nyr,fla,,,,,,,,
4/14/2025,ari,nsh,,,,,,,,
4/14/2025,la,edm,,,,,,,,
4/14/2025,sj,van,,,,,,,,
4/15/2025,nj,bos,,,,,,,,
4/15/2025,tor,buf,,,,,,,,
4/15/2025,chi,ott,,,,,,,,
4/15/2025,fla,tb,,,,,,,,
4/15/2025,cbj,phi,,,,,,,,
4/15/2025,wsh,nyi,,,,,,,,
4/15/2025,ari,stl,,,,,,,,
4/15/2025,ana,min,,,,,,,,
4/15/2025,vgk,cgy,,,,,,,,
4/15/2025,la,sea,,,,,,,,
4/16/2025,car,mtl,,,,,,,,
4/16/2025,ana,wpg,,,,,,,,
4/16/2025,det,nj,,,,,,,,
4/16/2025,dal,nsh,,,,,,,,
4/16/2025,vgk,van,,,,,,,,
4/16/2025,edm,sj,,,,,,,,
4/17/2025,phi,buf,,,,,,,,
4/17/2025,det,tor,,,,,,,,
4/17/2025,car,ott,,,,,,,,
4/17/2025,tb,nyr,,,,,,,,
4/17/2025,wsh,pit,,,,,,,,
4/17/2025,nyi,cbj,,,,,,,,