Home Team,Home Goalie,Home Score,Home Shots,Away Team,Away Goalie,Away Score,Away Shots,Overtime?,Winner
BUF,Ukko-Pekka Luukkonen,1.0,31.0,NJ,Jacob Markstrom,4.0,22.0,True,NJ
NJ,Jake Allen,3.0,37.0,BUF,Devon Levi,1.0,18.0,True,NJ
SEA,Joey Daccord,3,34,STL,Joel Hofer,0,22,True,SEA
FLA,Sergei Bobrovsky,2,24,BOS,Jeremy Swayman,3,20,False,BOS
UT,Karel Vejmelka,3,23,CHI,Petr Mrazek,2,22,True,UT
MTL,Caiden Primeau,2,30,TOR,Anthony Stolarz,1,35,False,MTL
PIT,Alex Nedelkovich,4,29,NYR,Igor Shesterkin,1,25,True,PIT
EDM,Stuart Skinner,4,38,WPG,Connor Hellebuyck,3,20,True,EDM
VAN,Thatcher Demko,1,32,CGY,Dustin Wolf,2,19,False,CGY
VGK,Adin Hill,3,23,COL,Alexandar Georgiev,2,23,True,VGK
BOS,Jeremy Swayman,1,24,MTL,Caiden Primeau,3,19,True,MTL
BUF,Ukko-Pekka Luukkonen,2,30,LA,David Rittich,3,25,False,LA
OTT,Linus Ullmark,1,27,FLA,Sergei Bobrovsky,3,23,True,FLA
DET,Cam Talbot,4,35,PIT,Tristan Jarry,1,20,True,DET
NJ,Jake Allen,3,34,TOR,Joeseph Woll,6,24,True,TOR
NYI,Semyon Varlamov,0,19,UT,Connor Ingram,3,30,True,UT
NSH,Scott Wedgewood,2,31,DAL,Jake Oettinger,4,28,True,DAL
MIN,Marc-Andre Fleury,3,28,CBJ,Elvis Merzlikins,2,28,True,MIN
SJ,Vitek Vanecek,7,24,STL,Joel Hofer,3,35,True,SJ
CAR,Pyotr Kochetkov,2,26,TB,Andrei Vasilevskiy,7,21,True,TB
WPG,Connor Hellebuyck,2,26,CHI,Laurent Brossoit,5,21,True,CHI
VAN,Arturs Silovs,4,34,PHI,Ivan Fedotov,5,31,True,PHI
VGK,Adin Hill,5,21,STL,Jordan Binnington,2,32,True,VGK
BOS,Jeremy Swayman,2,22,LA,David Rittich,1,26,True,BOS
BUF,Ukko-Pekka Luukkonen,2,19,FLA,Spencer Knight,4,27,True,FLA
TOR,Joeseph Woll,1,25,PIT,Tristan Jarry,4,33,True,PIT
MTL,Sam Montembeault,4,21,OTT,Linus Ullmark,7,29,True,OTT
DET,Cam Talbot,3,20,NSH,Juuse Saros,4,29,True,NSH
TB,Andrei Vasilevskiy,4,19,CAR,Pyotr Kochetkov,3,26,True,TB
NYR,Igor Shesterkin,3,30,UT,Connor Ingram,2,30,True,NYR
WSH,Logan Thompson,4,30,NJ,Jacob Markstrom,2,32,True,WSH
DAL,Casey DeSmith,1,24,NYI,Ilya Sorokin,2,26,True,NYI
MIN,Marc-Andre Fleury,4,29,SEA,Philipp Grubauer,5,25,True,SEA
COL,Justus Annunen,5,42,CBJ,Elvis Merzlikins,1,27,True,COL
CGY,Dustin Wolf,1,25,PHI,Ivan Fedotov,8,28,True,PHI
EDM,Stuart Skinner,5,24,CHI,Petr Mrazek,4,23,True,EDM
SJ,Mackenzie Blackwood,3,18,ANA,Lukas Dostal,2,19,True,SJ
WPG,Kaapo Kahkonen,5,19,MIN,Marc-Andre Fleury,4,21,True,WPG
DAL,Casey DeSmith,1,34,SEA,Joey Daccord,4,26,True,SEA
EDM,Stuart Skinner,4,30,CGY,Dustin Wolf,2,25,True,EDM
VGK,Ilya Samsonov,4,30,ANA,John Gibson,2,26,True,VGK
BOS,Jeremy Swayman,1,18,FLA,Sergei Bobrovsky,3,26,True,FLA
OTT,Anton Forsberg,3,22,LA,Darcy Kuemper,2,29,True,OTT
NJ,Jake Allen,4,30,UT,Karel Vejmelka,1,24,True,NJ
NYR,Igor Shesterkin,0,23,DET,Ville Husso,1,22,True,DET
MTL,Caiden Primeau,0,20,PIT,Tristan Jarry,1,24,False,PIT
COL,Alexandar Georgiev,1,23,NYI,Semyon Varlamov,2,20,False,NYI
TB,Andrei Vasilevskiy,1,20,VAN,Thatcher Demko,4,24,True,VAN
WSH,Logan Thompson,3,33,VGK,Adin Hill,2,28,True,WSH
CAR,Frederik Andersen,4,26,NJ,Jacob Markstrom,1,28,True,CAR
CBJ,Daniil Tarasov,4,29,FLA,Sergei Bobrovsky,1,23,True,CBJ
STL,Joel Hofer,3,25,MIN,Filip Gustavsson,2,18,True,STL
NSH,Juuse Saros,1,29,SEA,Joey Daccord,4,21,True,SEA
DAL,Casey DeSmith,3,36,SJ,Vitek Vanecek,1,19,True,DAL
CGY,Dustin Wolf,5,33,CHI,Petr Mrazek,3,27,True,CGY
EDM,Stuart Skinner,7,26,PHI,Ivan Fedotov,3,33,True,EDM
PIT,Alex Nedelkovich,1,24,BUF,Devon Levi,3,33,True,BUF
TOR,Anthony Stolarz,0,32,LA,David Rittich,1,24,True,LA
COL,Justus Annunen,4,32,BOS,Joonas Korpisalo,3,21,False,COL
ANA,Lukas Dostal,3,21,UT,Karel Vejmelka,4,21,False,UT
MTL,Caiden Primeau,2,19,LA,David Rittich,3,26,True,LA
OTT,Linus Ullmark,5,34,NJ,Jacob Markstrom,1,34,True,OTT
DET,Ville Husso,4,30,NYR,Igor Shesterkin,7,19,True,NYR
TB,Andrei Vasilevskiy,3,22,VGK,Ilya Samsonov,4,32,True,VGK
FLA,Spencer Knight,3,24,VAN,Arturs Silovs,2,19,False,FLA
WSH,Logan Thompson,3,26,DAL,Jake Oettinger,4,27,True,DAL
CBJ,Elvis Merzlikins,4,19,BUF,Devon Levi,3,31,True,CBJ
STL,Joel Hofer,2,20,NYI,Ilya Sorokin,3,28,True,NYI
NSH,Scott Wedgewood,4,27,EDM,Stuart Skinner,1,31,True,NSH
CHI,Petr Mrazek,1,25,SJ,Vitek Vanecek,2,17,True,SJ
SEA,Philipp Grubauer,2,24,PHI,Samuel Ersson,3,29,True,PHI
PIT,Alex Nedelkovich,4,24,CAR,Frederik Andersen,3,40,True,PIT
WPG,Connor Hellebuyck,4,20,SJ,Vitek Vanecek,3,21,False,WPG
COL,Alexandar Georgiev,3,27,ANA,Lukas Dostal,1,27,True,COL
OTT,Anton Forsberg,1,29,TB,Andrei Vasilevskiy,0,28,True,OTT
NSH,Juuse Saros,3,27,DET,Cam Talbot,2,30,False,NSH
DAL,Casey DeSmith,2,25,EDM,Stuart Skinner,1,32,True,DAL
FLA,Spencer Knight,1,28,VGK,Adin Hill,2,24,False,VGK
TOR,Anthony Stolarz,3,32,NYR,Igor Shesterkin,4,25,False,NYR
NJ,Jacob Markstrom,4,25,WSH,Logan Thompson,3,33,True,NJ
NYI,Ilya Sorokin,6,35,MTL,Caiden Primeau,4,30,True,NYI
PHI,Samuel Ersson,3,19,VAN,Arturs Silovs,2,35,False,PHI
CBJ,Elvis Merzlikins,3,22,MIN,Filip Gustavsson,2,19,False,CBJ
STL,Jordan Binnington,1,23,CAR,Pyotr Kochetkov,3,22,True,CAR
CHI,Laurent Brossoit,5,19,BUF,Ukko-Pekka Luukkonen,4,35,False,CHI
UT,Connor Ingram,2,24,BOS,Jeremy Swayman,1,19,True,UT
SEA,Joey Daccord,2,32,CGY,Dan Vladar,1,24,True,SEA
WPG,Connor Hellebuyck,1,20,PIT,Tristan Jarry,3,28,True,PIT
SJ,Mackenzie Blackwood,2,28,COL,Justus Annunen,4,41,True,COL
ANA,Lukas Dostal,1,24,LA,Darcy Kuemper,3,24,True,LA
TOR,Anthony Stolarz,1,31,TB,Andrei Vasilevskiy,5,29,True,TB
PHI,Samuel Ersson,0,33,WSH,Logan Thompson,2,31,True,WSH
FLA,Spencer Knight,2,29,MIN,Filip Gustavsson,4,26,True,MIN
NJ,Jacob Markstrom,3,27,TB,Jonas Johansson,1,33,True,NJ
BUF,Ukko-Pekka Luukkonen,3,20,DAL,Jake Oettinger,2,37,True,BUF
MTL,Caiden Primeau,4,32,NYR,Igor Shesterkin,2,20,True,MTL
CBJ,Daniil Tarasov,6,24,TOR,Joeseph Woll,1,32,True,CBJ
NYI,Semyon Varlamov,3,30,DET,Ville Husso,2,28,True,NYI
STL,Joel Hofer,0,32,WPG,Connor Hellebuyck,5,33,True,WPG
CHI,Petr Mrazek,4,24,VAN,Arturs Silovs,3,34,True,CHI
NSH,Juuse Saros,4,23,BOS,Jeremy Swayman,2,26,True,NSH
CGY,Dan Vladar,4,35,PIT,Tristan Jarry,5,31,True,PIT
EDM,Stuart Skinner,4,26,CAR,Pyotr Kochetkov,2,25,True,EDM
UT,Connor Ingram,1,23,OTT,Anton Forsberg,4,33,True,OTT
ANA,John Gibson,4,34,SJ,Vitek Vanecek,5,32,True,SJ
SEA,Philipp Grubauer,2,30,COL,Justus Annunen,3,22,True,COL
VGK,Ilya Samsonov,4,31,LA,Darcy Kuemper,5,31,True,LA
WSH,Logan Thompson,4,35,PHI,Ivan Fedotov,3,21,True,WSH
BOS,Jeremy Swayman,1,27,DAL,Jake Oettinger,3,27,True,DAL
TOR,Anthony Stolarz,4,34,STL,Joel Hofer,0,30,True,TOR
DET,Cam Talbot,4,21,NJ,Jacob Markstrom,3,37,True,DET
TB,Jonas Johansson,2,30,MIN,Marc-Andre Fleury,1,18,True,TB
NYR,Igor Shesterkin,4,30,FLA,Sergei Bobrovsky,5,32,False,FLA
CGY,Dan Vladar,3,24,CAR,Pyotr Kochetkov,6,33,True,CAR
UT,Karel Vejmelka,8,31,COL,Alexandar Georgiev,1,27,True,UT
SEA,Joey Daccord,1,25,WPG,Connor Hellebuyck,2,31,False,WPG
LA,Darcy Kuemper,3,38,SJ,Vitek Vanecek,1,23,True,LA
VGK,Ilya Samsonov,2,26,OTT,Anton Forsberg,0,23,True,VGK
NJ,Jacob Markstrom,2,34,NYI,Ilya Sorokin,3,25,True,NYI
CHI,Laurent Brossoit,2,18,NSH,Juuse Saros,5,32,True,NSH
EDM,Stuart Skinner,3,25,PIT,Tristan Jarry,5,23,True,PIT
BUF,Ukko-Pekka Luukkonen,7,31,DET,Ville Husso,6,34,True,BUF
PHI,Samuel Ersson,4,22,MIN,Marc-Andre Fleury,3,30,True,PHI
LA,Darcy Kuemper,2,29,UT,Karel Vejmelka,5,28,True,UT
BOS,Jeremy Swayman,7,31,TOR,Joeseph Woll,2,29,True,BOS
MTL,Caiden Primeau,2,36,STL,Jordan Binnington,3,37,True,STL
TB,Andrei Vasilevskiy,2,26,WSH,Logan Thompson,4,32,True,WSH
NYR,Igor Shesterkin,4,29,ANA,Lukas Dostal,1,25,True,NYR
CGY,Dustin Wolf,3,20,WPG,Connor Hellebuyck,4,21,False,WPG
NYI,Semyon Varlamov,0,19,FLA,Sergei Bobrovsky,4,28,True,FLA
NSH,Juuse Saros,2,38,CBJ,Daniil Tarasov,3,23,True,CBJ
DAL,Jake Oettinger,2,33,CHI,Laurent Brossoit,0,21,True,DAL
VAN,Thatcher Demko,2,20,PIT,Alex Nedelkovich,1,29,False,VAN
VGK,Adin Hill,3,23,SJ,Vitek Vanecek,2,19,False,VGK
SEA,Joey Daccord,5,28,CAR,Frederik Andersen,1,23,True,SEA
DET,Ville Husso,3,26,EDM,Stuart Skinner,5,34,True,EDM
NJ,Jacob Markstrom,2,40,ANA,John Gibson,3,20,False,ANA
PHI,Samuel Ersson,1,31,MTL,Caiden Primeau,2,22,False,MTL
COL,Alexandar Georgiev,3,34,OTT,Linus Ullmark,2,30,True,COL
BUF,Devon Levi,5,29,FLA,Spencer Knight,1,25,True,BUF
TB,Andrei Vasilevskiy,2,34,NSH,Juuse Saros,4,22,True,NSH
CBJ,Daniil Tarasov,4,22,EDM,Calvin Pickard,3,45,True,CBJ
WPG,Connor Hellebuyck,3,32,TOR,Anthony Stolarz,2,31,True,WPG
COL,Alexandar Georgiev,1,35,CHI,Laurent Brossoit,3,18,True,CHI
UT,Connor Ingram,1,29,SJ,Vitek Vanecek,3,28,True,SJ
VAN,Thatcher Demko,2,31,CAR,Pyotr Kochetkov,0,30,True,VAN
VGK,Ilya Samsonov,4,33,CGY,Dan Vladar,5,32,False,CGY
BOS,Joonas Korpisalo,2,20,PHI,Ivan Fedotov,3,28,True,PHI
MTL,Caiden Primeau,3,30,SEA,Joey Daccord,4,30,True,SEA
OTT,Anton Forsberg,2,28,STL,Jordan Binnington,3,23,True,STL
WSH,Charlie Lindgren,4,29,NYR,Jonathan Quick,3,28,False,WSH
NYI,Ilya Sorokin,2,28,ANA,Lukas Dostal,1,25,True,NYI
PIT,Tristan Jarry,3,20,MIN,Marc-Andre Fleury,2,18,True,PIT
SJ,Vitek Vanecek,4,23,LA,David Rittich,3,18,True,SJ
CBJ,Elvis Merzlikins,4,26,NYI,Semyon Varlamov,3,31,True,CBJ
DET,Ville Husso,2,24,WPG,Connor Hellebuyck,1,34,True,DET
COL,Alexandar Georgiev,5,26,TB,Andrei Vasilevskiy,0,23,True,COL
UT,Karel Vejmelka,4,27,CGY,Dustin Wolf,5,30,False,CGY
VAN,Thatcher Demko,2,33,NJ,Jacob Markstrom,3,30,True,NJ
LA,David Rittich,2,24,VGK,Ilya Samsonov,3,30,True,VGK
TOR,Joeseph Woll,3,29,SEA,Joey Daccord,2,22,True,TOR
PHI,Samuel Ersson,0,23,STL,Jordan Binnington,2,18,True,STL
PIT,Alex Nedelkovich,4,38,ANA,John Gibson,6,29,True,ANA
WSH,Logan Thompson,1,21,MTL,Caiden Primeau,2,31,True,MTL
CAR,Pyotr Kochetkov,4,31,BOS,Jeremy Swayman,2,21,True,CAR
NSH,Juuse Saros,6,32,EDM,Calvin Pickard,3,23,True,NSH
SJ,Mackenzie Blackwood,4,26,CHI,Laurent Brossoit,3,35,True,SJ
BUF,Ukko-Pekka Luukkonen,3,31,NYI,Ilya Sorokin,2,26,False,BUF
NYR,Igor Shesterkin,2,34,OTT,Anton Forsberg,1,19,False,NYR
CBJ,Elvis Merzlikins,4,24,WPG,Connor Hellebuyck,3,25,True,CBJ
MIN,Filip Gustavsson,3,30,TB,Andrei Vasilevskiy,1,29,True,MIN
DAL,Casey DeSmith,2,25,FLA,Spencer Knight,3,31,True,FLA
CGY,Dustin Wolf,1,20,NJ,Jake Allen,2,37,True,NJ
PHI,Ivan Fedotov,1,30,BOS,Jeremy Swayman,6,26,True,BOS
LA,Darcy Kuemper,3,34,CHI,Petr Mrazek,4,24,False,CHI
WSH,Logan Thompson,0,33,CBJ,Elvis Merzlikins,2,22,True,CBJ
FLA,Sergei Bobrovsky,4,24,DAL,Casey DeSmith,6,33,True,DAL
OTT,Anton Forsberg,2,20,SEA,Joey Daccord,3,19,False,SEA
DET,Ville Husso,6,19,BUF,Ukko-Pekka Luukkonen,1,21,True,DET
PIT,Alex Nedelkovich,4,36,MTL,Sam Montembeault,3,35,True,PIT
STL,Jordan Binnington,3,22,TOR,Joeseph Woll,6,31,True,TOR
NSH,Scott Wedgewood,6,22,COL,Alexandar Georgiev,2,26,True,NSH
VGK,Ilya Samsonov,1,29,UT,Connor Ingram,4,22,True,UT
SJ,Vitek Vanecek,0,18,VAN,Thatcher Demko,5,32,True,VAN
NYR,Igor Shesterkin,2,29,NYI,Semyon Varlamov,0,27,True,NYR
WPG,Connor Hellebuyck,1,33,TB,Andrei Vasilevskiy,3,27,True,TB
BOS,Jeremy Swayman,2,24,SEA,Joey Daccord,3,28,True,SEA
CAR,Frederik Andersen,5,25,WSH,Logan Thompson,2,28,True,CAR
MIN,Filip Gustavsson,2,19,TOR,Joeseph Woll,4,24,True,TOR
CGY,Dan Vladar,4,31,EDM,Stuart Skinner,7,33,True,EDM
ANA,John Gibson,2,34,CHI,Laurent Brossoit,3,24,False,CHI
NSH,Juuse Saros,2,22,LA,David Rittich,3,27,True,LA
EDM,Stuart Skinner,4,36,NJ,Jacob Markstrom,1,32,True,EDM
BUF,Ukko-Pekka Luukkonen,3,24,OTT,Anton Forsberg,2,24,True,BUF
TOR,Joeseph Woll,4,31,BOS,Joonas Korpisalo,1,24,True,TOR
MTL,Caiden Primeau,2,26,CGY,Dustin Wolf,3,34,True,CGY
CAR,Pyotr Kochetkov,3,37,PHI,Ivan Fedotov,0,27,True,CAR
NYI,Ilya Sorokin,3,34,PIT,Alex Nedelkovich,2,33,True,NYI
STL,Jordan Binnington,3,28,TB,Andrei Vasilevskiy,6,37,True,TB
MIN,Filip Gustavsson,2,26,LA,Darcy Kuemper,5,18,True,LA
WPG,Connor Hellebuyck,3,23,UT,Karel Vejmelka,2,32,True,WPG
COL,Justus Annunen,2,29,SEA,Joey Daccord,5,23,True,SEA
ANA,Lukas Dostal,4,29,VAN,Thatcher Demko,6,31,True,VAN
SJ,Mackenzie Blackwood,1,35,CBJ,Elvis Merzlikins,6,38,True,CBJ
WSH,Charlie Lindgren,3,28,NSH,Juuse Saros,4,29,False,NSH
CHI,Petr Mrazek,4,21,DET,Cam Talbot,2,19,True,CHI
EDM,Stuart Skinner,5,36,VGK,Adin Hill,1,21,True,EDM
BOS,Jeremy Swayman,4,26,CGY,Dustin Wolf,2,24,True,BOS
OTT,Linus Ullmark,6,34,NYI,Ilya Sorokin,0,19,True,OTT
TB,Andrei Vasilevskiy,4,25,PHI,Ivan Fedotov,0,20,True,TB
FLA,Sergei Bobrovsky,3,30,NSH,Scott Wedgewood,2,23,False,FLA
NJ,Jacob Markstrom,4,43,MTL,Caiden Primeau,5,30,False,MTL
NYR,Igor Shesterkin,3,24,BUF,Devon Levi,2,21,True,NYR
CAR,Pyotr Kochetkov,3,37,PIT,Alex Nedelkovich,1,27,True,CAR
STL,Joel Hofer,5,27,UT,Connor Ingram,3,35,True,STL
DAL,Casey DeSmith,1,27,CHI,Petr Mrazek,2,18,True,CHI
WPG,Connor Hellebuyck,6,34,COL,Alexandar Georgiev,0,24,True,WPG
LA,Darcy Kuemper,0,19,VAN,Thatcher Demko,3,21,True,VAN
SJ,Vitek Vanecek,3,17,MIN,Marc-Andre Fleury,2,24,False,SJ
TOR,Joeseph Woll,1,22,DET,Cam Talbot,2,29,True,DET
WSH,Charlie Lindgren,1,31,PIT,Tristan Jarry,2,21,True,PIT
ANA,John Gibson,1,26,MIN,Marc-Andre Fleury,4,25,True,MIN
SEA,Joey Daccord,1,19,VGK,Adin Hill,3,21,True,VGK
BUF,Ukko-Pekka Luukkonen,6,34,CGY,Dan Vladar,4,24,True,BUF
FLA,Sergei Bobrovsky,2,21,PHI,Ivan Fedotov,4,27,True,PHI
BOS,Joonas Korpisalo,3,33,OTT,Linus Ullmark,2,22,True,BOS
TOR,Joeseph Woll,4,34,MTL,Caiden Primeau,5,32,True,MTL
DET,Cam Talbot,0,25,NYR,Igor Shesterkin,5,22,True,NYR
STL,Jordan Binnington,5,27,WSH,Logan Thompson,4,29,False,STL
WPG,Connor Hellebuyck,3,27,DAL,Casey DeSmith,2,37,False,WPG
NYI,Ilya Sorokin,4,23,NJ,Jacob Markstrom,2,36,True,NYI
NSH,Juuse Saros,3,31,UT,Connor Ingram,5,26,True,UT
COL,Alexandar Georgiev,3,29,CAR,Frederik Andersen,4,32,True,CAR
LA,Darcy Kuemper,0,32,CBJ,Daniil Tarasov,7,25,True,CBJ
VAN,Thatcher Demko,7,33,EDM,Calvin Pickard,2,34,True,VAN
NJ,Jacob Markstrom,2,30,SJ,Vitek Vanecek,3,22,True,SJ
CHI,Petr Mrazek,2,28,MIN,Marc-Andre Fleury,6,30,True,MIN
ANA,Lukas Dostal,2,19,CBJ,Elvis Merzlikins,1,24,True,ANA
BUF,Ukko-Pekka Luukkonen,3,35,MTL,Sam Montembeault,2,29,True,BUF
PHI,Samuel Ersson,2,40,SJ,Mackenzie Blackwood,1,18,True,PHI
PIT,Alex Nedelkovich,1,25,DAL,Jake Oettinger,3,39,True,DAL
CGY,Dan Vladar,0,22,LA,Darcy Kuemper,1,19,True,LA
COL,Justus Annunen,3,29,NSH,Juuse Saros,2,31,False,COL
VGK,Adin Hill,4,29,CAR,Pyotr Kochetkov,3,28,True,VGK
TOR,Joeseph Woll,1,28,OTT,Linus Ullmark,3,29,True,OTT
FLA,Sergei Bobrovsky,1,27,NJ,Jake Allen,2,28,True,NJ
NYR,Jonathan Quick,1,27,WPG,Connor Hellebuyck,2,32,True,WPG
STL,Joel Hofer,2,24,BOS,Jeremy Swayman,4,23,True,BOS
EDM,Stuart Skinner,4,27,NYI,Ilya Sorokin,2,23,True,EDM
VAN,Thatcher Demko,5,33,CGY,Dustin Wolf,2,28,True,VAN
SEA,Philipp Grubauer,5,36,CBJ,Daniil Tarasov,4,27,False,SEA
PIT,Tristan Jarry,4,23,DET,Cam Talbot,2,30,True,PIT
WSH,Charlie Lindgren,0,26,TOR,Anthony Stolarz,3,24,True,TOR
UT,Karel Vejmelka,4,20,CAR,Pyotr Kochetkov,1,31,True,UT
COL,Alexandar Georgiev,4,32,LA,Darcy Kuemper,5,24,False,LA
ANA,John Gibson,0,28,VGK,Adin Hill,3,39,True,VGK
BUF,Ukko-Pekka Luukkonen,5,30,STL,Jordan Binnington,4,26,False,BUF
OTT,Linus Ullmark,2,21,PHI,Ivan Fedotov,3,34,False,PHI
TB,Jonas Johansson,3,22,WPG,Connor Hellebuyck,4,22,True,WPG
FLA,Sergei Bobrovsky,4,27,NJ,Jacob Markstrom,5,29,True,NJ
NYR,Jonathan Quick,3,28,SJ,Mackenzie Blackwood,4,23,True,SJ
DAL,Jake Oettinger,4,34,BOS,Jeremy Swayman,3,27,False,DAL
MIN,Filip Gustavsson,2,18,MTL,Sam Montembeault,0,19,True,MIN
EDM,Calvin Pickard,3,37,NSH,Juuse Saros,2,30,False,EDM
VAN,Thatcher Demko,1,28,NYI,Semyon Varlamov,2,21,True,NYI
SEA,Joey Daccord,4,28,CHI,Petr Mrazek,2,17,True,SEA
CBJ,Daniil Tarasov,2,27,PIT,Alex Nedelkovich,4,28,True,PIT
COL,Justus Annunen,2,34,WSH,Charlie Lindgren,1,27,True,COL
CGY,Dustin Wolf,3,21,NSH,Juuse Saros,4,27,False,NSH
UT,Karel Vejmelka,1,31,VGK,Adin Hill,2,20,True,VGK
ANA,Lukas Dostal,0,22,DET,Cam Talbot,1,30,True,DET
BOS,Jeremy Swayman,0,25,STL,Joel Hofer,3,25,True,STL
SEA,Philipp Grubauer,2,27,NYI,Ilya Sorokin,3,23,True,NYI
TOR,Joeseph Woll,3,31,EDM,Stuart Skinner,4,32,True,EDM
MTL,Caiden Primeau,1,32,CBJ,Daniil Tarasov,3,31,True,CBJ
TB,Andrei Vasilevskiy,3,26,NJ,Jacob Markstrom,6,31,True,NJ
FLA,Sergei Bobrovsky,5,28,WPG,Connor Hellebuyck,0,23,True,FLA
PHI,Ivan Fedotov,3,35,BUF,Ukko-Pekka Luukkonen,6,23,True,BUF
PIT,Tristan Jarry,3,24,SJ,Vitek Vanecek,2,15,False,PIT
CAR,Pyotr Kochetkov,3,30,OTT,Linus Ullmark,1,22,True,CAR
MIN,Filip Gustavsson,3,23,DAL,Jake Oettinger,4,34,False,DAL
LA,David Rittich,2,29,DET,Cam Talbot,1,22,False,LA
VAN,Arturs Silovs,2,34,CHI,Petr Mrazek,1,20,True,VAN
CAR,Frederik Andersen,2,29,STL,Jordan Binnington,1,20,True,CAR
VAN,Thatcher Demko,3,32,NSH,Juuse Saros,2,32,True,VAN
VGK,Adin Hill,1,20,WSH,Charlie Lindgren,0,23,True,VGK
SEA,Philipp Grubauer,2,24,NYR,Igor Shesterkin,3,29,True,NYR
BOS,Jeremy Swayman,4,22,CBJ,Daniil Tarasov,1,25,True,BOS
PHI,Ivan Fedotov,4,24,COL,Justus Annunen,2,28,True,PHI
MTL,Caiden Primeau,2,20,EDM,Stuart Skinner,4,31,True,EDM
DAL,Jake Oettinger,5,39,ANA,Lukas Dostal,4,30,False,DAL
UT,Karel Vejmelka,1,23,WSH,Charlie Lindgren,2,23,True,WSH
SJ,Vitek Vanecek,1,23,DET,Ville Husso,2,40,True,DET
OTT,Anton Forsberg,1,29,EDM,Stuart Skinner,7,32,True,EDM
PIT,Tristan Jarry,1,34,TB,Andrei Vasilevskiy,3,39,True,TB
STL,Jordan Binnington,4,23,MIN,Marc-Andre Fleury,1,25,True,STL
WPG,Connor Hellebuyck,5,29,FLA,Sergei Bobrovsky,3,22,True,WPG
CHI,Petr Mrazek,4,31,ANA,John Gibson,3,22,True,CHI
CGY,Dan Vladar,3,31,NYI,Ilya Sorokin,4,25,True,NYI
VAN,Thatcher Demko,6,31,NYR,Jonathan Quick,1,26,True,VAN
TOR,Joeseph Woll,3,28,VGK,Adin Hill,4,31,True,VGK
PHI,Ivan Fedotov,3,22,CAR,Frederik Andersen,2,37,False,PHI
DAL,Jake Oettinger,6,42,SJ,Vitek Vanecek,2,18,True,DAL
SEA,Philipp Grubauer,0,23,NSH,Juuse Saros,2,23,True,NSH
LA,Darcy Kuemper,2,23,BUF,Devon Levi,1,19,True,LA
BOS,Jeremy Swayman,4,21,UT,Karel Vejmelka,1,24,True,BOS
OTT,Linus Ullmark,4,33,VGK,Adin Hill,3,22,False,OTT
DET,Ville Husso,1,20,NYI,Semyon Varlamov,5,21,True,NYI
NJ,Jacob Markstrom,5,25,CAR,Pyotr Kochetkov,6,36,True,CAR
WSH,Charlie Lindgren,3,20,COL,Alexandar Georgiev,1,33,True,WSH
CBJ,Daniil Tarasov,3,21,TB,Andrei Vasilevskiy,2,24,False,CBJ
STL,Joel Hofer,2,19,SJ,Vitek Vanecek,1,17,True,STL
CHI,Laurent Brossoit,1,18,FLA,Sergei Bobrovsky,2,29,True,FLA
CGY,Dan Vladar,7,34,NYR,Igor Shesterkin,1,20,True,CGY
EDM,Stuart Skinner,1,24,MIN,Marc-Andre Fleury,2,24,False,MIN
PIT,Alex Nedelkovich,3,22,WPG,Connor Hellebuyck,5,36,True,WPG
ANA,John Gibson,7,36,BUF,Devon Levi,2,33,True,ANA
PHI,Samuel Ersson,3,23,CHI,Petr Mrazek,2,23,True,PHI
CGY,Dan Vladar,2,24,MIN,Marc-Andre Fleury,3,31,False,MIN
LA,Darcy Kuemper,3,18,SEA,Joey Daccord,1,28,True,LA
FLA,Sergei Bobrovsky,5,33,COL,Justus Annunen,2,26,True,FLA
MTL,Caiden Primeau,3,20,VGK,Adin Hill,2,29,False,MTL
OTT,Linus Ullmark,1,30,VAN,Thatcher Demko,2,36,False,VAN
DET,Cam Talbot,3,30,BOS,Joonas Korpisalo,2,20,True,DET
TB,Andrei Vasilevskiy,4,29,DAL,Jake Oettinger,3,25,True,TB
PIT,Tristan Jarry,2,21,UT,Karel Vejmelka,6,37,True,UT
WSH,Charlie Lindgren,2,22,NJ,Jacob Markstrom,5,36,True,NJ
CBJ,Daniil Tarasov,0,30,CAR,Pyotr Kochetkov,9,35,True,CAR
NSH,Juuse Saros,4,34,WPG,Kaapo Kahkonen,3,24,False,NSH
NYI,Ilya Sorokin,4,34,STL,Joel Hofer,2,25,True,NYI
SJ,Mackenzie Blackwood,6,31,BUF,Devon Levi,8,23,True,BUF
EDM,Stuart Skinner,1,24,NYR,Jonathan Quick,3,21,True,NYR
TOR,Anthony Stolarz,4,28,UT,Karel Vejmelka,2,21,True,TOR
TB,Jonas Johansson,4,28,COL,Alexandar Georgiev,3,34,True,TB
FLA,Sergei Bobrovsky,2,24,WSH,Charlie Lindgren,4,27,True,WSH
NJ,Jacob Markstrom,0,35,NSH,Juuse Saros,1,27,True,NSH
NYR,Jonathan Quick,5,32,STL,Joel Hofer,4,26,True,NYR
PHI,Samuel Ersson,2,30,VGK,Ilya Samsonov,3,33,True,VGK
CAR,Frederik Andersen,4,22,DAL,Casey DeSmith,2,27,True,CAR
OTT,Linus Ullmark,4,21,CGY,Dustin Wolf,2,29,True,OTT
NYI,Ilya Sorokin,2,32,DET,Ville Husso,4,32,True,DET
MIN,Filip Gustavsson,4,31,WPG,Connor Hellebuyck,5,21,False,WPG
ANA,Lukas Dostal,2,28,SEA,Joey Daccord,3,32,True,SEA
SJ,Vitek Vanecek,2,20,LA,Darcy Kuemper,0,31,True,SJ
BOS,Jeremy Swayman,1,28,VAN,Thatcher Demko,4,28,True,VAN
MTL,Caiden Primeau,6,32,UT,Karel Vejmelka,1,29,True,MTL
BUF,Ukko-Pekka Luukkonen,3,27,MIN,Filip Gustavsson,5,36,True,MIN
NJ,Jake Allen,2,34,STL,Joel Hofer,4,32,True,STL
CAR,Pyotr Kochetkov,2,22,NYR,Igor Shesterkin,4,18,True,NYR
DET,Cam Talbot,6,23,CGY,Dustin Wolf,3,29,True,DET
TB,Andrei Vasilevskiy,1,31,WSH,Logan Thompson,3,30,True,WSH
FLA,Spencer Knight,6,31,TOR,Joeseph Woll,4,30,True,FLA
NYI,Ilya Sorokin,1,28,BOS,Jeremy Swayman,2,25,True,BOS
PIT,Tristan Jarry,0,24,VAN,Thatcher Demko,2,21,True,VAN
CBJ,Elvis Merzlikins,2,20,MTL,Caiden Primeau,7,38,True,MTL
NSH,Juuse Saros,3,33,PHI,Samuel Ersson,1,23,True,NSH
CHI,Petr Mrazek,3,17,DAL,Jake Oettinger,0,28,True,CHI
COL,Alexandar Georgiev,6,27,VGK,Ilya Samsonov,2,30,True,COL
LA,David Rittich,2,31,WPG,Connor Hellebuyck,1,32,True,LA
SEA,Joey Daccord,4,31,ANA,Lukas Dostal,2,22,True,SEA
SJ,Vitek Vanecek,4,24,OTT,Linus Ullmark,3,40,False,SJ
PHI,Ivan Fedotov,3,24,NYR,Igor Shesterkin,4,29,False,NYR
MIN,Filip Gustavsson,4,33,CHI,Petr Mrazek,3,16,True,MIN
BUF,Devon Levi,1,20,VAN,Thatcher Demko,3,22,True,VAN
DET,Cam Talbot,4,28,NJ,Jake Allen,3,33,True,DET
WSH,Charlie Lindgren,4,31,NYI,Ilya Sorokin,2,30,True,WSH
CAR,Frederik Andersen,3,27,FLA,Sergei Bobrovsky,2,23,False,CAR
CBJ,Daniil Tarasov,3,22,CGY,Dan Vladar,4,25,False,CGY
NSH,Scott Wedgewood,4,23,TB,Andrei Vasilevskiy,3,23,True,NSH
ANA,John Gibson,1,18,LA,David Rittich,3,28,True,LA
SJ,Mackenzie Blackwood,0,15,SEA,Joey Daccord,2,30,True,SEA
BOS,Joonas Korpisalo,3,20,PIT,Alex Nedelkovich,0,27,True,BOS
DAL,Jake Oettinger,3,24,COL,Justus Annunen,4,22,False,COL
VGK,Ilya Samsonov,2,28,WPG,Connor Hellebuyck,4,28,True,WPG
UT,Connor Ingram,3,26,EDM,Calvin Pickard,5,29,True,EDM
NYR,Igor Shesterkin,1,29,MTL,Caiden Primeau,2,25,True,MTL
FLA,Sergei Bobrovsky,0,21,CAR,Frederik Andersen,7,22,True,CAR
TB,Andrei Vasilevskiy,5,34,TOR,Joeseph Woll,3,26,True,TB
NJ,Jake Allen,4,37,WSH,Charlie Lindgren,2,30,True,NJ
PIT,Alex Nedelkovich,3,21,CGY,Dan Vladar,1,24,True,PIT
STL,Jordan Binnington,4,20,PHI,Samuel Ersson,0,32,True,STL
LA,Darcy Kuemper,6,35,OTT,Linus Ullmark,4,30,True,LA
NYI,Ilya Sorokin,3,31,BUF,Devon Levi,1,27,True,NYI
MIN,Filip Gustavsson,1,21,NSH,Scott Wedgewood,4,20,True,NSH
COL,Justus Annunen,3,22,EDM,Stuart Skinner,4,27,False,EDM
VGK,Adin Hill,0,26,UT,Connor Ingram,3,34,True,UT
SEA,Philipp Grubauer,1,38,SJ,Mackenzie Blackwood,2,20,True,SJ
DET,Cam Talbot,3,29,VAN,Thatcher Demko,2,34,False,DET
BOS,Joonas Korpisalo,1,34,MTL,Caiden Primeau,3,27,True,MTL
CHI,Petr Mrazek,3,24,CBJ,Elvis Merzlikins,2,24,True,CHI
DAL,Jake Oettinger,3,30,WPG,Connor Hellebuyck,0,27,True,DAL
ANA,Lukas Dostal,3,33,OTT,Linus Ullmark,5,38,True,OTT
NYR,Jonathan Quick,3,22,NJ,Jacob Markstrom,6,28,True,NJ
TOR,Anthony Stolarz,1,35,CHI,Petr Mrazek,0,24,True,TOR
UT,Connor Ingram,0,28,DAL,Jake Oettinger,4,35,True,DAL
BOS,Jeremy Swayman,4,33,DET,Ville Husso,0,25,True,BOS
BUF,Devon Levi,2,31,COL,Alexandar Georgiev,5,31,True,COL
MTL,Caiden Primeau,3,24,NYI,Semyon Varlamov,4,32,False,NYI
PIT,Tristan Jarry,1,29,FLA,Sergei Bobrovsky,2,21,False,FLA
WSH,Charlie Lindgren,8,40,SJ,Mackenzie Blackwood,3,18,True,WSH
CAR,Pyotr Kochetkov,3,31,SEA,Joey Daccord,1,26,True,CAR
MIN,Marc-Andre Fleury,3,17,VAN,Thatcher Demko,2,27,False,MIN
WPG,Connor Hellebuyck,3,19,STL,Joel Hofer,2,26,True,WPG
CGY,Dan Vladar,2,26,CBJ,Daniil Tarasov,3,26,True,CBJ
VGK,Ilya Samsonov,1,21,EDM,Stuart Skinner,5,35,True,EDM
TOR,Joeseph Woll,9,35,NSH,Juuse Saros,2,23,True,TOR
CHI,Petr Mrazek,5,23,BOS,Jeremy Swayman,6,34,False,BOS
ANA,Lukas Dostal,1,22,VGK,Adin Hill,6,22,True,VGK
LA,David Rittich,2,28,DAL,Jake Oettinger,5,33,True,DAL
BUF,Ukko-Pekka Luukkonen,0,26,WPG,Connor Hellebuyck,2,27,True,WPG
MTL,Sam Montembeault,2,32,NSH,Scott Wedgewood,10,44,True,NSH
OTT,Linus Ullmark,2,28,DET,Cam Talbot,1,35,True,OTT
TB,Andrei Vasilevskiy,2,29,SJ,Mackenzie Blackwood,6,21,True,SJ
PHI,Samuel Ersson,0,18,FLA,Spencer Knight,2,32,True,FLA
CAR,Frederik Andersen,4,26,COL,Alexandar Georgiev,1,23,True,CAR
NYI,Ilya Sorokin,1,20,SEA,Joey Daccord,3,28,True,SEA
CGY,Dustin Wolf,3,28,STL,Jordan Binnington,2,32,True,CGY
EDM,Stuart Skinner,2,37,CBJ,Elvis Merzlikins,0,18,True,EDM
TOR,Joeseph Woll,2,23,WSH,Charlie Lindgren,3,30,True,WSH
NJ,Jacob Markstrom,6,28,SEA,Philipp Grubauer,7,34,False,SEA
NYR,Jonathan Quick,3,28,PIT,Tristan Jarry,1,32,True,NYR
VAN,Thatcher Demko,7,34,CBJ,Elvis Merzlikins,2,24,True,VAN
VGK,Adin Hill,4,27,DAL,Jake Oettinger,3,30,True,VGK
ANA,Lukas Dostal,5,25,MIN,Marc-Andre Fleury,1,25,True,ANA
BOS,Jeremy Swayman,3,29,PHI,Samuel Ersson,4,29,False,PHI
BUF,Ukko-Pekka Luukkonen,3,27,UT,Karel Vejmelka,4,26,True,UT
CHI,Laurent Brossoit,0,27,WPG,Kaapo Kahkonen,2,28,True,WPG
NYI,Ilya Sorokin,2,25,CAR,Pyotr Kochetkov,1,23,True,NYI
FLA,Sergei Bobrovsky,3,28,SJ,Vitek Vanecek,2,17,True,FLA
MTL,Sam Montembeault,6,27,WSH,Charlie Lindgren,3,33,True,MTL
OTT,Linus Ullmark,6,29,NSH,Juuse Saros,3,31,True,OTT
DET,Cam Talbot,4,28,COL,Alexandar Georgiev,3,24,True,DET
PIT,Tristan Jarry,3,25,TOR,Anthony Stolarz,2,34,True,PIT
LA,David Rittich,2,25,MIN,Marc-Andre Fleury,1,18,True,LA
EDM,Stuart Skinner,6,40,STL,Joel Hofer,1,19,True,EDM
NYR,Igor Shesterkin,3,30,SEA,Philipp Grubauer,1,19,True,NYR
VAN,Thatcher Demko,4,28,TB,Andrei Vasilevskiy,2,19,True,VAN
OTT,Linus Ullmark,2,32,NYI,Ilya Sorokin,4,22,True,NYI
WPG,Connor Hellebuyck,1,19,CBJ,Elvis Merzlikins,2,19,True,CBJ
NJ,Jacob Markstrom,6,33,COL,Alexandar Georgiev,4,36,True,NJ
PHI,Samuel Ersson,0,27,UT,Karel Vejmelka,6,23,True,UT
DAL,Jake Oettinger,6,33,CGY,Dustin Wolf,3,25,True,DAL
BUF,Devon Levi,2,30,DET,Cam Talbot,3,22,True,DET
NYR,Jonathan Quick,2,27,CHI,Laurent Brossoit,1,22,True,NYR
MTL,Sam Montembeault,3,38,ANA,Lukas Dostal,1,27,True,MTL
NJ,Jake Allen,4,33,TOR,Anthony Stolarz,3,37,False,NJ
PIT,Tristan Jarry,3,31,COL,Alexandar Georgiev,0,42,True,PIT
CAR,Frederik Andersen,4,42,SJ,Vitek Vanecek,3,16,True,CAR
CBJ,Elvis Merzlikins,5,21,PHI,Samuel Ersson,4,24,True,CBJ
NYI,Semyon Varlamov,3,27,LA,Darcy Kuemper,1,22,True,NYI
NSH,Juuse Saros,4,24,CGY,Dan Vladar,1,24,True,NSH
WPG,Connor Hellebuyck,3,24,BOS,Jeremy Swayman,0,26,True,WPG
EDM,Stuart Skinner,1,33,TB,Andrei Vasilevskiy,2,29,False,TB
UT,Connor Ingram,2,21,MIN,Filip Gustavsson,4,26,True,MIN
VAN,Arturs Silovs,2,22,STL,Joel Hofer,5,28,True,STL
SEA,Joey Daccord,3,20,FLA,Spencer Knight,1,20,True,SEA
BUF,Ukko-Pekka Luukkonen,2,27,NYR,Igor Shesterkin,6,32,True,NYR
OTT,Linus Ullmark,3,32,ANA,Lukas Dostal,1,25,True,OTT
TOR,Joeseph Woll,1,34,ANA,Lukas Dostal,2,28,True,ANA
MTL,Sam Montembeault,2,36,PIT,Alex Nedelkovich,3,27,False,PIT
NJ,Jacob Markstrom,3,26,LA,David Rittich,1,19,True,NJ
PHI,Samuel Ersson,4,22,DET,Cam Talbot,3,31,False,PHI
CBJ,Daniil Tarasov,4,31,WSH,Charlie Lindgren,3,23,False,CBJ
NYI,Semyon Varlamov,6,27,CHI,Petr Mrazek,1,26,True,NYI
STL,Jordan Binnington,1,27,SJ,Vitek Vanecek,0,24,True,STL
DAL,Casey DeSmith,3,31,NSH,Juuse Saros,4,29,True,NSH
MIN,Filip Gustavsson,4,29,EDM,Stuart Skinner,3,28,True,MIN
WPG,Connor Hellebuyck,3,32,VGK,Ilya Samsonov,2,31,False,WPG
COL,Alexandar Georgiev,2,25,UT,Connor Ingram,3,22,True,UT
CGY,Dan Vladar,6,33,TB,Andrei Vasilevskiy,2,29,True,CGY
VAN,Arturs Silovs,3,19,FLA,Spencer Knight,1,26,True,VAN
SEA,Philipp Grubauer,1,26,BOS,Jeremy Swayman,2,31,True,BOS
CAR,Frederik Andersen,5,28,OTT,Anton Forsberg,4,28,False,CAR
NJ,Jacob Markstrom,2,24,CHI,Petr Mrazek,1,17,True,NJ
NYR,Igor Shesterkin,1,28,LA,Darcy Kuemper,2,23,True,LA
MIN,Marc-Andre Fleury,5,18,PHI,Samuel Ersson,1,22,True,MIN
EDM,Calvin Pickard,5,30,VGK,Ilya Samsonov,6,34,False,VGK
OTT,Linus Ullmark,3,25,PIT,Alex Nedelkovich,2,24,True,OTT
DET,Cam Talbot,6,30,TOR,Joeseph Woll,2,31,True,DET
WSH,Charlie Lindgren,1,23,BUF,Devon Levi,4,24,True,BUF
CBJ,Elvis Merzlikins,3,30,ANA,John Gibson,4,37,True,ANA
WPG,Connor Hellebuyck,4,20,MTL,Sam Montembeault,3,25,False,WPG
DAL,Casey DeSmith,7,41,STL,Joel Hofer,5,28,True,DAL
COL,Justus Annunen,4,25,NSH,Juuse Saros,7,28,True,NSH
CGY,Dustin Wolf,1,28,FLA,Sergei Bobrovsky,4,25,True,FLA
VAN,Thatcher Demko,1,27,BOS,Jeremy Swayman,0,21,True,VAN
SJ,Mackenzie Blackwood,4,21,UT,Connor Ingram,1,31,True,SJ
SEA,Joey Daccord,1,25,TB,Andrei Vasilevskiy,3,22,True,TB
CHI,Petr Mrazek,2,26,NYI,Ilya Sorokin,3,29,True,NYI
TOR,Joeseph Woll,3,22,BUF,Ukko-Pekka Luukkonen,0,21,True,TOR
CAR,Pyotr Kochetkov,2,29,CBJ,Elvis Merzlikins,4,27,True,CBJ
STL,Jordan Binnington,1,21,NYR,Igor Shesterkin,3,22,True,NYR
MIN,Filip Gustavsson,1,24,VGK,Ilya Samsonov,0,21,True,MIN
DAL,Casey DeSmith,4,24,WSH,Logan Thompson,5,31,True,WSH
EDM,Calvin Pickard,3,25,FLA,Sergei Bobrovsky,1,34,True,EDM
VAN,Thatcher Demko,4,24,COL,Justus Annunen,3,28,False,VAN
MTL,Caiden Primeau,3,28,BUF,Ukko-Pekka Luukkonen,4,28,True,BUF
TB,Andrei Vasilevskiy,4,37,CBJ,Daniil Tarasov,3,31,True,TB
PIT,Tristan Jarry,4,30,LA,Darcy Kuemper,1,26,True,PIT
CAR,Pyotr Kochetkov,3,29,NYI,Ilya Sorokin,1,18,True,CAR
STL,Jordan Binnington,3,18,NJ,Jacob Markstrom,2,36,False,STL
NSH,Juuse Saros,1,26,NYR,Igor Shesterkin,2,26,False,NYR
CHI,Laurent Brossoit,0,21,WSH,Logan Thompson,3,33,True,WSH
CGY,Dan Vladar,2,28,BOS,Joonas Korpisalo,3,31,True,BOS
SEA,Joey Daccord,5,35,OTT,Anton Forsberg,1,25,True,SEA
SJ,Mackenzie Blackwood,1,18,WPG,Kaapo Kahkonen,4,40,True,WPG
DET,Cam Talbot,2,18,PHI,Ivan Fedotov,3,30,False,PHI
DAL,Jake Oettinger,6,33,TOR,Joeseph Woll,3,25,True,DAL
MIN,Filip Gustavsson,3,23,FLA,Sergei Bobrovsky,1,18,True,MIN
UT,Karel Vejmelka,2,18,VAN,Thatcher Demko,6,29,True,VAN
ANA,Lukas Dostal,4,31,WPG,Connor Hellebuyck,3,19,False,ANA
TB,Andrei Vasilevskiy,2,24,STL,Jordan Binnington,3,31,True,STL
PHI,Ivan Fedotov,2,22,LA,David Rittich,3,27,True,LA
CBJ,Daniil Tarasov,4,20,NJ,Jacob Markstrom,6,31,True,NJ
NSH,Juuse Saros,4,34,PIT,Tristan Jarry,5,35,True,PIT
CHI,Laurent Brossoit,4,19,SEA,Philipp Grubauer,6,28,True,SEA
CGY,Dustin Wolf,4,31,OTT,Linus Ullmark,3,23,True,CGY
EDM,Stuart Skinner,4,31,BOS,Joonas Korpisalo,3,21,True,EDM
VGK,Adin Hill,2,29,VAN,Thatcher Demko,3,25,True,VAN
SJ,Vitek Vanecek,3,26,COL,Justus Annunen,5,36,True,COL
BUF,Ukko-Pekka Luukkonen,3,30,TOR,Anthony Stolarz,1,38,True,BUF
DET,Ville Husso,4,29,MTL,Caiden Primeau,5,25,True,MTL
FLA,Sergei Bobrovsky,3,31,STL,Jordan Binnington,5,27,True,STL
WSH,Logan Thompson,4,31,CAR,Frederik Andersen,5,28,False,CAR
DAL,Casey DeSmith,3,27,NYR,Igor Shesterkin,2,30,True,DAL
MIN,Filip Gustavsson,2,26,UT,Connor Ingram,0,18,True,MIN
ANA,John Gibson,3,32,COL,Alexandar Georgiev,6,24,True,COL
NSH,Juuse Saros,3,31,LA,Darcy Kuemper,2,20,False,NSH
CGY,Dan Vladar,3,22,CHI,Laurent Brossoit,2,27,True,CGY
EDM,Stuart Skinner,6,44,SJ,Vitek Vanecek,4,20,True,EDM
BOS,Jeremy Swayman,3,22,BUF,Devon Levi,2,29,False,BOS
TOR,Anthony Stolarz,1,27,NYI,Semyon Varlamov,4,30,True,NYI
MTL,Caiden Primeau,2,26,DET,Cam Talbot,1,35,True,MTL
NJ,Jake Allen,3,25,PIT,Tristan Jarry,2,22,True,NJ
PHI,Ivan Fedotov,3,34,CBJ,Elvis Merzlikins,4,23,True,CBJ
WPG,Kaapo Kahkonen,2,19,MIN,Marc-Andre Fleury,3,18,False,MIN
VAN,Thatcher Demko,3,31,OTT,Linus Ullmark,1,21,True,VAN
VGK,Adin Hill,0,21,SEA,Philipp Grubauer,3,22,True,SEA
NYR,Jonathan Quick,3,21,CAR,Frederik Andersen,2,34,True,NYR
TB,Andrei Vasilevskiy,5,27,FLA,Spencer Knight,1,28,True,TB
WSH,Charlie Lindgren,1,26,LA,Darcy Kuemper,3,22,True,LA
UT,Connor Ingram,2,26,ANA,John Gibson,1,19,True,UT
COL,Justus Annunen,3,29,SEA,Joey Daccord,2,23,True,COL
EDM,Calvin Pickard,1,24,OTT,Linus Ullmark,2,26,True,OTT
NJ,Jacob Markstrom,2,28,NYR,Jonathan Quick,1,24,True,NJ
TOR,Joeseph Woll,2,26,WPG,Connor Hellebuyck,1,19,True,TOR
BOS,Joonas Korpisalo,2,26,WSH,Charlie Lindgren,3,19,True,WSH
DET,Ville Husso,2,24,STL,Joel Hofer,1,19,False,DET
FLA,Spencer Knight,4,29,TB,Andrei Vasilevskiy,0,32,True,FLA
PIT,Tristan Jarry,4,21,PHI,Ivan Fedotov,6,32,True,PHI
CBJ,Elvis Merzlikins,2,20,MTL,Sam Montembeault,3,29,True,MTL
NYI,Semyon Varlamov,0,34,BUF,Ukko-Pekka Luukkonen,3,27,True,BUF
NSH,Juuse Saros,2,28,CAR,Frederik Andersen,3,25,True,CAR
MIN,Filip Gustavsson,2,26,CHI,Petr Mrazek,0,17,True,MIN
VAN,Arturs Silovs,3,40,SJ,Vitek Vanecek,2,19,True,VAN
UT,Karel Vejmelka,1,23,DAL,Casey DeSmith,7,35,True,DAL
VGK,Adin Hill,1,37,ANA,Lukas Dostal,3,31,True,ANA
BUF,Devon Levi,1,23,CHI,Laurent Brossoit,2,35,False,CHI
DET,Ville Husso,1,20,TOR,Anthony Stolarz,2,27,True,TOR
NJ,Jacob Markstrom,3,25,CAR,Frederik Andersen,4,23,False,CAR
CBJ,Elvis Merzlikins,1,29,BOS,Jeremy Swayman,4,31,True,BOS
STL,Joel Hofer,6,23,NSH,Scott Wedgewood,4,27,True,STL
DAL,Jake Oettinger,5,31,MIN,Filip Gustavsson,4,27,True,DAL
UT,Connor Ingram,1,29,COL,Alexandar Georgiev,3,28,True,COL
SJ,Vitek Vanecek,3,27,VGK,Ilya Samsonov,1,24,True,SJ
FLA,Spencer Knight,3,31,MTL,Caiden Primeau,4,24,True,MTL
VAN,Arturs Silovs,3,31,SEA,Joey Daccord,2,30,True,VAN
ANA,John Gibson,2,18,PHI,Ivan Fedotov,3,25,False,PHI
LA,David Rittich,1,31,EDM,Stuart Skinner,2,23,True,EDM
BOS,Jeremy Swayman,4,28,CBJ,Elvis Merzlikins,3,22,True,BOS
TOR,Anthony Stolarz,6,31,WSH,Logan Thompson,3,33,True,TOR
TB,Andrei Vasilevskiy,4,22,NYR,Igor Shesterkin,5,31,True,NYR
CAR,Frederik Andersen,1,38,NJ,Jake Allen,2,24,False,NJ
WPG,Connor Hellebuyck,1,23,OTT,Anton Forsberg,2,20,False,OTT
NYI,Semyon Varlamov,2,30,PIT,Tristan Jarry,1,23,False,NYI
SJ,Mackenzie Blackwood,3,23,CGY,Dustin Wolf,2,19,False,SJ
CHI,Laurent Brossoit,5,27,DAL,Jake Oettinger,6,31,True,DAL
ANA,John Gibson,1,21,EDM,Stuart Skinner,5,43,True,EDM
DET,Cam Talbot,3,20,WSH,Logan Thompson,7,33,True,WSH
TB,Andrei Vasilevskiy,1,27,MTL,Sam Montembeault,3,31,True,MTL
PIT,Tristan Jarry,2,24,NYI,Ilya Sorokin,0,32,True,PIT
STL,Jordan Binnington,2,29,BUF,Devon Levi,1,20,False,STL
MIN,Marc-Andre Fleury,1,35,OTT,Anton Forsberg,4,21,True,OTT
VGK,Adin Hill,8,32,CGY,Dan Vladar,2,30,True,VGK
LA,Darcy Kuemper,6,27,PHI,Samuel Ersson,2,25,True,LA
FLA,Spencer Knight,2,22,NYR,Jonathan Quick,1,31,False,FLA
WPG,Connor Hellebuyck,3,19,NSH,Scott Wedgewood,2,30,True,WPG
SEA,Joey Daccord,3,20,UT,Connor Ingram,1,19,True,SEA
WSH,Logan Thompson,4,24,BOS,Jeremy Swayman,3,25,True,WSH
TOR,Anthony Stolarz,3,25,NYI,Semyon Varlamov,4,27,True,NYI
VGK,Adin Hill,0,37,MTL,Caiden Primeau,2,30,True,MTL
CHI,Laurent Brossoit,1,34,STL,Joel Hofer,5,29,True,STL
DET,Cam Talbot,2,23,PIT,Tristan Jarry,3,23,False,PIT
CBJ,Daniil Tarasov,1,29,CAR,Frederik Andersen,4,40,True,CAR
DAL,Jake Oettinger,4,42,BUF,Ukko-Pekka Luukkonen,2,26,True,DAL
MIN,Marc-Andre Fleury,1,31,NSH,Scott Wedgewood,4,30,True,NSH
COL,Justus Annunen,3,22,WPG,Kaapo Kahkonen,4,30,False,WPG
ANA,John Gibson,0,20,NJ,Jacob Markstrom,5,44,True,NJ
SJ,Mackenzie Blackwood,3,16,PHI,Ivan Fedotov,1,29,True,SJ
CGY,Dustin Wolf,3,22,VAN,Arturs Silovs,1,30,True,CGY
EDM,Stuart Skinner,1,28,UT,Connor Ingram,4,28,True,UT
LA,Darcy Kuemper,4,20,NJ,Jacob Markstrom,1,29,True,LA
FLA,Sergei Bobrovsky,2,28,CAR,Pyotr Kochetkov,3,29,True,CAR
NYR,Igor Shesterkin,3,20,BOS,Jeremy Swayman,2,20,False,NYR
WSH,Logan Thompson,2,27,MIN,Filip Gustavsson,4,25,True,MIN
CBJ,Elvis Merzlikins,2,19,DET,Ville Husso,1,21,True,CBJ
NYI,Ilya Sorokin,3,19,TOR,Joeseph Woll,2,22,True,NYI
DAL,Casey DeSmith,2,38,OTT,Linus Ullmark,4,32,True,OTT
WPG,Kaapo Kahkonen,1,22,ANA,Lukas Dostal,2,22,True,ANA
COL,Alexandar Georgiev,7,26,BUF,Devon Levi,3,23,True,COL
CGY,Dustin Wolf,2,34,UT,Connor Ingram,3,22,True,UT
VGK,Ilya Samsonov,0,21,PHI,Ivan Fedotov,4,26,True,PHI
SEA,Joey Daccord,5,29,VAN,Arturs Silovs,1,31,True,SEA
SJ,Mackenzie Blackwood,1,20,TB,Jonas Johansson,4,41,True,TB
FLA,Spencer Knight,2,24,PIT,Alex Nedelkovich,4,32,True,PIT
CHI,Laurent Brossoit,4,32,MTL,Caiden Primeau,8,22,True,MTL
STL,Jordan Binnington,4,32,OTT,Linus Ullmark,0,20,True,STL
EDM,Stuart Skinner,6,45,ANA,Lukas Dostal,3,24,True,EDM
VAN,Arturs Silovs,5,25,NSH,Juuse Saros,2,25,True,VAN
WSH,Logan Thompson,1,25,NYR,Igor Shesterkin,5,26,True,NYR
WPG,Connor Hellebuyck,3,33,DET,Ville Husso,4,27,True,DET
SJ,Vitek Vanecek,1,30,NJ,Jake Allen,3,38,True,NJ
TOR,Anthony Stolarz,2,25,BOS,Jeremy Swayman,3,27,True,BOS
CAR,Frederik Andersen,2,31,MIN,Filip Gustavsson,1,30,False,CAR
CBJ,Elvis Merzlikins,3,20,STL,Joel Hofer,2,32,True,CBJ
COL,Justus Annunen,4,25,MTL,Sam Montembeault,0,20,True,COL
CGY,Dan Vladar,2,24,NSH,Juuse Saros,1,25,True,CGY
DAL,Jake Oettinger,5,33,UT,Connor Ingram,1,20,True,DAL
LA,David Rittich,2,32,TB,Andrei Vasilevskiy,6,28,True,TB
VGK,Adin Hill,1,29,BUF,Devon Levi,3,34,True,BUF
SEA,Joey Daccord,3,23,EDM,Stuart Skinner,1,25,True,SEA
CHI,Petr Mrazek,2,30,NYR,Igor Shesterkin,4,34,True,NYR
BOS,Jeremy Swayman,2,28,NYI,Ilya Sorokin,3,24,False,NYI
CAR,Pyotr Kochetkov,3,29,PIT,Alex Nedelkovich,2,24,True,CAR
TOR,Joeseph Woll,7,35,PHI,Ivan Fedotov,1,23,True,TOR
ANA,John Gibson,1,30,TB,Andrei Vasilevskiy,3,38,True,TB
BUF,Ukko-Pekka Luukkonen,2,21,WSH,Charlie Lindgren,1,28,True,BUF
MTL,Sam Montembeault,3,19,VAN,Thatcher Demko,4,25,False,VAN
COL,Alexandar Georgiev,3,21,FLA,Spencer Knight,0,23,True,COL
SEA,Philipp Grubauer,2,30,NJ,Jacob Markstrom,3,24,True,NJ
BOS,Jeremy Swayman,6,34,EDM,Stuart Skinner,5,32,True,BOS
DET,Cam Talbot,3,35,OTT,Linus Ullmark,4,30,False,OTT
NYR,Igor Shesterkin,2,32,DAL,Casey DeSmith,3,25,True,DAL
PHI,Ivan Fedotov,1,30,TOR,Anthony Stolarz,2,25,True,TOR
PIT,Tristan Jarry,2,34,CBJ,Elvis Merzlikins,3,38,True,CBJ
MIN,Marc-Andre Fleury,2,26,STL,Jordan Binnington,4,26,True,STL
WPG,Connor Hellebuyck,2,23,NSH,Juuse Saros,3,27,True,NSH
ANA,Lukas Dostal,4,30,CGY,Dan Vladar,1,19,True,ANA
SJ,Vitek Vanecek,4,28,VGK,Adin Hill,5,33,False,VGK
WSH,Charlie Lindgren,1,18,VAN,Thatcher Demko,3,31,True,VAN
CHI,Petr Mrazek,4,28,COL,Justus Annunen,6,32,True,COL
UT,Connor Ingram,4,22,FLA,Sergei Bobrovsky,5,33,True,FLA
LA,Darcy Kuemper,4,21,CGY,Dan Vladar,3,24,True,LA
OTT,Linus Ullmark,2,25,BUF,Ukko-Pekka Luukkonen,3,22,True,BUF
TB,Andrei Vasilevskiy,1,20,BOS,Jeremy Swayman,5,29,True,BOS
NYR,Jonathan Quick,5,31,NJ,Jacob Markstrom,2,23,True,NYR
PHI,Samuel Ersson,2,20,DAL,Jake Oettinger,1,25,False,PHI
PIT,Tristan Jarry,2,34,EDM,Stuart Skinner,5,33,True,EDM
CAR,Frederik Andersen,0,22,TOR,Anthony Stolarz,1,25,True,TOR
CBJ,Elvis Merzlikins,2,21,SEA,Joey Daccord,3,29,True,SEA
STL,Jordan Binnington,1,30,ANA,John Gibson,4,30,True,ANA
MIN,Filip Gustavsson,1,18,COL,Alexandar Georgiev,2,24,False,COL
VGK,Ilya Samsonov,3,32,NYI,Ilya Sorokin,2,34,False,VGK
DET,Cam Talbot,2,26,CHI,Laurent Brossoit,1,20,True,DET
WSH,Charlie Lindgren,5,35,MTL,Sam Montembeault,3,30,True,WSH
CAR,Pyotr Kochetkov,0,20,VAN,Arturs Silovs,7,28,True,VAN
WPG,Connor Hellebuyck,4,24,LA,Darcy Kuemper,3,25,True,WPG
UT,Karel Vejmelka,6,38,SJ,Mackenzie Blackwood,0,25,True,UT
FLA,Spencer Knight,3,21,BOS,Jeremy Swayman,1,22,True,FLA
BUF,Devon Levi,1,25,SEA,Joey Daccord,2,32,True,SEA
PIT,Tristan Jarry,1,21,OTT,Anton Forsberg,3,22,True,OTT
TOR,Joeseph Woll,1,25,VAN,Arturs Silovs,2,22,False,VAN
MTL,Sam Montembeault,2,25,DAL,Jake Oettinger,4,31,True,DAL
NJ,Jake Allen,3,31,TB,Jonas Johansson,4,23,False,TB
PHI,Samuel Ersson,4,38,ANA,John Gibson,5,23,True,ANA
CHI,Laurent Brossoit,2,21,EDM,Stuart Skinner,3,33,True,EDM
STL,Joel Hofer,3,20,CBJ,Daniil Tarasov,1,24,True,STL
WPG,Connor Hellebuyck,1,24,COL,Alexandar Georgiev,4,32,True,COL
NSH,Scott Wedgewood,6,29,WSH,Logan Thompson,2,21,True,NSH
UT,Karel Vejmelka,4,25,NYI,Ilya Sorokin,1,29,True,UT
CGY,Dustin Wolf,2,24,LA,Darcy Kuemper,1,25,True,CGY
VGK,Adin Hill,2,25,NYR,Igor Shesterkin,3,23,False,NYR
SJ,Mackenzie Blackwood,0,14,MIN,Marc-Andre Fleury,3,37,True,MIN
DET,Cam Talbot,1,18,SEA,Philipp Grubauer,4,18,True,SEA
OTT,Linus Ullmark,1,28,DAL,Jake Oettinger,0,28,True,OTT
PIT,Tristan Jarry,2,21,TB,Andrei Vasilevskiy,5,35,True,TB
CAR,Frederik Andersen,6,28,ANA,John Gibson,0,18,True,CAR
VGK,Adin Hill,3,29,MIN,Marc-Andre Fleury,1,21,True,VGK
PHI,Samuel Ersson,2,24,FLA,Spencer Knight,3,23,True,FLA
CHI,Laurent Brossoit,3,23,CGY,Dustin Wolf,2,34,True,CHI
EDM,Calvin Pickard,2,27,LA,Darcy Kuemper,1,18,True,EDM
BOS,Jeremy Swayman,3,25,TB,Andrei Vasilevskiy,2,30,False,BOS
TOR,Joeseph Woll,6,32,DAL,Jake Oettinger,2,30,True,TOR
DET,Cam Talbot,3,36,SJ,Vitek Vanecek,2,27,True,DET
NJ,Jake Allen,0,24,FLA,Sergei Bobrovsky,4,29,True,FLA
PIT,Tristan Jarry,1,24,SEA,Philipp Grubauer,4,24,True,SEA
WSH,Charlie Lindgren,1,31,ANA,Lukas Dostal,4,23,True,ANA
CBJ,Elvis Merzlikins,1,30,PHI,Samuel Ersson,2,30,True,PHI
NYI,Ilya Sorokin,2,20,OTT,Anton Forsberg,3,19,True,OTT
STL,Joel Hofer,4,21,CGY,Dustin Wolf,1,19,True,STL
NSH,Juuse Saros,1,22,VGK,Adin Hill,0,23,True,NSH
WPG,Kaapo Kahkonen,0,22,VAN,Thatcher Demko,3,27,True,VAN
COL,Alexandar Georgiev,3,30,NYR,Igor Shesterkin,2,26,True,COL
UT,Karel Vejmelka,3,33,MTL,Sam Montembeault,4,31,True,MTL
BUF,Ukko-Pekka Luukkonen,2,22,CAR,Frederik Andersen,0,33,True,BUF
MIN,Filip Gustavsson,4,24,EDM,Stuart Skinner,6,23,True,EDM
TOR,Anthony Stolarz,1,30,NJ,Jacob Markstrom,2,28,False,NJ
OTT,Anton Forsberg,2,23,WSH,Charlie Lindgren,5,34,True,WSH
TB,Andrei Vasilevskiy,2,39,ANA,Lukas Dostal,3,23,True,ANA
FLA,Sergei Bobrovsky,6,34,DET,Ville Husso,0,17,True,FLA
CBJ,Daniil Tarasov,2,35,SJ,Mackenzie Blackwood,8,32,True,SJ
NYI,Ilya Sorokin,3,33,PHI,Samuel Ersson,2,23,True,NYI
STL,Jordan Binnington,3,19,CGY,Dan Vladar,1,30,True,STL
NSH,Scott Wedgewood,3,32,CHI,Petr Mrazek,2,27,False,NSH
DAL,Jake Oettinger,3,34,MTL,Caiden Primeau,4,19,True,MTL
WPG,Connor Hellebuyck,1,26,SEA,Joey Daccord,2,18,True,SEA
UT,Connor Ingram,2,27,NYR,Igor Shesterkin,3,33,True,NYR
COL,Justus Annunen,1,24,EDM,Calvin Pickard,2,36,True,EDM
VAN,Thatcher Demko,6,20,LA,David Rittich,3,24,True,VAN
BUF,Ukko-Pekka Luukkonen,4,36,PIT,Alex Nedelkovich,1,33,True,BUF
CAR,Pyotr Kochetkov,1,30,VGK,Ilya Samsonov,3,32,True,VGK
NJ,Jake Allen,5,26,PHI,Samuel Ersson,1,22,True,NJ
OTT,Linus Ullmark,3,29,BOS,Jeremy Swayman,4,26,False,BOS
COL,Justus Annunen,2,30,DAL,Casey DeSmith,1,26,True,COL
FLA,Spencer Knight,5,36,ANA,John Gibson,3,18,True,FLA
MTL,Caiden Primeau,0,18,TOR,Joeseph Woll,2,26,True,TOR
TB,Andrei Vasilevskiy,4,27,DET,Ville Husso,1,25,True,TB
NYR,Igor Shesterkin,3,25,CBJ,Daniil Tarasov,0,26,True,NYR
WSH,Charlie Lindgren,3,29,PIT,Tristan Jarry,1,29,True,WSH
WPG,Connor Hellebuyck,2,26,CGY,Dan Vladar,0,27,True,WPG
NYI,Ilya Sorokin,1,39,SJ,Mackenzie Blackwood,4,26,True,SJ
CHI,Laurent Brossoit,1,23,VGK,Ilya Samsonov,2,24,False,VGK
NSH,Juuse Saros,1,22,MIN,Filip Gustavsson,0,30,True,NSH
UT,Connor Ingram,1,19,STL,Jordan Binnington,4,28,True,STL
VAN,Arturs Silovs,2,28,EDM,Calvin Pickard,6,32,True,EDM
SEA,Joey Daccord,2,29,LA,Darcy Kuemper,4,22,True,LA
NJ,Jake Allen,2,24,OTT,Linus Ullmark,1,27,False,NJ
MTL,Sam Montembeault,3,18,NYR,Igor Shesterkin,4,31,False,NYR
DAL,Casey DeSmith,2,36,DET,Cam Talbot,3,30,True,DET
BOS,Jeremy Swayman,4,32,SJ,Mackenzie Blackwood,2,20,True,BOS
COL,Justus Annunen,4,23,MIN,Marc-Andre Fleury,1,19,True,COL
SEA,Philipp Grubauer,1,19,BUF,Devon Levi,2,25,True,BUF
VGK,Adin Hill,6,24,STL,Joel Hofer,2,27,True,VGK
TOR,Joeseph Woll,2,22,TB,Andrei Vasilevskiy,4,35,True,TB
NYI,Semyon Varlamov,2,24,CBJ,Elvis Merzlikins,3,24,True,CBJ
CHI,Petr Mrazek,3,25,CAR,Frederik Andersen,2,26,False,CHI
UT,Karel Vejmelka,1,33,WPG,Connor Hellebuyck,2,21,True,WPG
LA,David Rittich,6,33,PIT,Tristan Jarry,5,23,True,LA
MTL,Sam Montembeault,4,28,TB,Andrei Vasilevskiy,7,27,True,TB
NYR,Jonathan Quick,2,20,OTT,Linus Ullmark,3,23,False,OTT
PHI,Ivan Fedotov,2,25,DET,Cam Talbot,4,33,True,DET
NSH,Juuse Saros,4,25,SJ,Mackenzie Blackwood,1,23,True,NSH
DAL,Casey DeSmith,1,26,CAR,Frederik Andersen,0,25,True,DAL
EDM,Stuart Skinner,3,28,WSH,Logan Thompson,2,32,True,EDM
VAN,Arturs Silovs,5,35,BUF,Ukko-Pekka Luukkonen,1,20,True,VAN
ANA,Lukas Dostal,2,19,FLA,Sergei Bobrovsky,6,33,True,FLA
TOR,Joeseph Woll,2,33,CBJ,Daniil Tarasov,3,22,True,CBJ
NJ,Jake Allen,2,26,BOS,Jeremy Swayman,0,26,True,NJ
COL,Alexandar Georgiev,1,31,WPG,Connor Hellebuyck,3,30,True,WPG
LA,David Rittich,1,28,FLA,Sergei Bobrovsky,2,31,True,FLA
BOS,Jeremy Swayman,5,22,OTT,Anton Forsberg,4,21,False,BOS
DET,Cam Talbot,4,26,MTL,Caiden Primeau,3,28,True,DET
NYR,Jonathan Quick,4,31,PHI,Samuel Ersson,3,24,True,NYR
CAR,Frederik Andersen,4,35,CBJ,Elvis Merzlikins,3,26,False,CAR
STL,Jordan Binnington,4,22,VGK,Adin Hill,3,33,False,STL
MIN,Marc-Andre Fleury,3,31,UT,Connor Ingram,2,25,True,MIN
CGY,Dan Vladar,1,25,BUF,Devon Levi,3,34,True,BUF
EDM,Calvin Pickard,4,24,VAN,Thatcher Demko,1,33,True,EDM
ANA,John Gibson,9,34,PIT,Tristan Jarry,2,25,True,ANA
SEA,Philipp Grubauer,4,30,WSH,Charlie Lindgren,1,26,True,SEA
SJ,Vitek Vanecek,2,28,NSH,Juuse Saros,1,22,True,SJ
NYI,Ilya Sorokin,4,32,PHI,Samuel Ersson,0,30,True,NYI
CHI,Laurent Brossoit,6,28,TB,Jonas Johansson,1,25,True,CHI
DAL,Jake Oettinger,5,38,VGK,Adin Hill,1,25,True,DAL
WPG,Connor Hellebuyck,1,24,UT,Karel Vejmelka,2,31,False,UT
BOS,Jeremy Swayman,8,34,COL,Justus Annunen,2,29,True,BOS
EDM,Stuart Skinner,3,37,BUF,Ukko-Pekka Luukkonen,1,31,True,EDM
SEA,Philipp Grubauer,4,36,PIT,Tristan Jarry,3,24,False,SEA
MTL,Caiden Primeau,1,22,NJ,Jake Allen,2,31,True,NJ
OTT,Anton Forsberg,3,32,TOR,Anthony Stolarz,2,34,False,OTT
DET,Cam Talbot,2,19,TB,Andrei Vasilevskiy,1,33,False,DET
CBJ,Elvis Merzlikins,1,23,LA,Darcy Kuemper,4,22,True,LA
STL,Jordan Binnington,1,22,DAL,Casey DeSmith,2,40,True,DAL
MIN,Filip Gustavsson,2,27,CGY,Dustin Wolf,3,24,True,CGY
NYI,Semyon Varlamov,2,25,CAR,Frederik Andersen,1,23,True,NYI
VAN,Arturs Silovs,1,26,WSH,Logan Thompson,2,26,True,WSH
ANA,John Gibson,2,21,NSH,Juuse Saros,5,38,True,NSH
SJ,Mackenzie Blackwood,0,23,FLA,Spencer Knight,2,37,True,FLA
NYR,Igor Shesterkin,6,20,COL,Justus Annunen,3,32,True,NYR
OTT,Linus Ullmark,0,21,UT,Connor Ingram,3,28,True,UT
WPG,Connor Hellebuyck,1,19,CGY,Dustin Wolf,0,19,True,WPG
CHI,Petr Mrazek,3,23,MIN,Filip Gustavsson,2,35,True,CHI
VGK,Ilya Samsonov,4,21,FLA,Sergei Bobrovsky,3,24,True,VGK
DET,Cam Talbot,5,21,LA,David Rittich,1,26,True,DET
PHI,Ivan Fedotov,4,34,NJ,Jacob Markstrom,2,25,True,PHI
STL,Joel Hofer,6,24,VAN,Arturs Silovs,1,20,True,STL
EDM,Calvin Pickard,5,26,SEA,Philipp Grubauer,3,31,True,EDM
SJ,Mackenzie Blackwood,0,18,PIT,Alex Nedelkovich,4,24,True,PIT
BUF,Ukko-Pekka Luukkonen,5,32,BOS,Joonas Korpisalo,4,32,False,BUF
MTL,Caiden Primeau,1,21,WPG,Connor Hellebuyck,3,35,True,WPG
TB,Andrei Vasilevskiy,3,33,CHI,Laurent Brossoit,0,17,True,TB
NYR,Igor Shesterkin,1,25,CAR,Pyotr Kochetkov,2,31,True,CAR
NYI,Semyon Varlamov,0,23,COL,Justus Annunen,4,34,True,COL
CGY,Dustin Wolf,0,27,WSH,Logan Thompson,3,28,True,WSH
VGK,Adin Hill,2,24,DAL,Jake Oettinger,4,31,True,DAL
SEA,Joey Daccord,2,21,ANA,John Gibson,1,25,False,SEA
TOR,Anthony Stolarz,4,21,MIN,Marc-Andre Fleury,3,21,True,TOR
FLA,Sergei Bobrovsky,5,26,LA,Darcy Kuemper,1,17,True,FLA
NJ,Jacob Markstrom,1,37,PHI,Samuel Ersson,7,30,True,PHI
NSH,Juuse Saros,5,32,VAN,Thatcher Demko,2,25,True,NSH
UT,Karel Vejmelka,2,22,PIT,Tristan Jarry,1,21,True,UT
BOS,Jeremy Swayman,3,24,WPG,Kaapo Kahkonen,0,30,True,BOS
MTL,Sam Montembeault,2,29,MIN,Marc-Andre Fleury,5,33,True,MIN
OTT,Anton Forsberg,5,32,WSH,Logan Thompson,3,21,True,OTT
TB,Andrei Vasilevskiy,2,31,LA,David Rittich,1,26,False,TB
PHI,Ivan Fedotov,3,22,NYI,Ilya Sorokin,2,26,True,PHI
CAR,Pyotr Kochetkov,5,26,CHI,Petr Mrazek,2,25,True,CAR
CGY,Dan Vladar,4,38,ANA,John Gibson,2,27,True,CGY
EDM,Stuart Skinner,1,23,DET,Cam Talbot,5,29,True,DET
VGK,Ilya Samsonov,3,29,CBJ,Elvis Merzlikins,2,26,True,VGK
SEA,Philipp Grubauer,2,36,SJ,Vitek Vanecek,3,19,True,SJ
BUF,Ukko-Pekka Luukkonen,2,22,NSH,Scott Wedgewood,6,23,True,NSH
DAL,Casey DeSmith,3,24,VAN,Arturs Silovs,2,24,True,DAL
COL,Justus Annunen,7,37,STL,Joel Hofer,2,22,True,COL
UT,Karel Vejmelka,5,26,CBJ,Daniil Tarasov,2,30,True,UT
FLA,Sergei Bobrovsky,0,24,CHI,Laurent Brossoit,2,19,True,CHI
BOS,Jeremy Swayman,3,32,NYR,Igor Shesterkin,2,24,True,BOS
OTT,Linus Ullmark,2,28,MIN,Filip Gustavsson,4,28,True,MIN
TB,Andrei Vasilevskiy,3,31,NYI,Ilya Sorokin,2,27,False,TB
PIT,Alex Nedelkovich,3,25,NSH,Juuse Saros,6,27,True,NSH
WSH,Charlie Lindgren,2,30,WPG,Connor Hellebuyck,3,21,True,WPG
CAR,Pyotr Kochetkov,4,22,LA,David Rittich,3,17,True,CAR
EDM,Stuart Skinner,3,38,TOR,Joeseph Woll,0,35,True,EDM
CGY,Dan Vladar,1,20,DET,Ville Husso,6,29,True,DET
BUF,Devon Levi,1,28,NJ,Jacob Markstrom,8,34,True,NJ
COL,Justus Annunen,6,37,PHI,Ivan Fedotov,2,33,True,COL
ANA,John Gibson,3,30,MTL,Caiden Primeau,2,22,True,ANA
FLA,Sergei Bobrovsky,5,23,NYI,Semyon Varlamov,4,30,False,FLA
NYR,Igor Shesterkin,4,21,VGK,Adin Hill,2,22,True,NYR
DAL,Jake Oettinger,6,36,CBJ,Elvis Merzlikins,0,26,True,DAL
UT,Karel Vejmelka,2,35,STL,Jordan Binnington,4,29,True,STL
VAN,Thatcher Demko,0,26,DET,Cam Talbot,1,21,True,DET
SEA,Joey Daccord,3,20,CGY,Dustin Wolf,4,26,True,CGY
NSH,Scott Wedgewood,2,37,OTT,Anton Forsberg,5,23,True,OTT
BOS,Jeremy Swayman,3,20,MIN,Marc-Andre Fleury,2,21,False,BOS
BUF,Devon Levi,2,23,CBJ,Daniil Tarasov,6,28,True,CBJ
TB,Andrei Vasilevskiy,4,27,OTT,Linus Ullmark,3,32,False,TB
PIT,Tristan Jarry,5,36,NJ,Jacob Markstrom,1,28,True,PIT
WSH,Logan Thompson,1,25,FLA,Spencer Knight,5,23,True,FLA
NYI,Semyon Varlamov,2,31,VGK,Adin Hill,3,35,True,VGK
STL,Jordan Binnington,2,19,EDM,Calvin Pickard,5,29,True,EDM
WPG,Connor Hellebuyck,2,24,CAR,Pyotr Kochetkov,1,29,True,WPG
CGY,Dustin Wolf,3,32,TOR,Anthony Stolarz,5,31,True,TOR
UT,Karel Vejmelka,3,25,PHI,Ivan Fedotov,5,26,True,PHI
VAN,Arturs Silovs,0,24,COL,Alexandar Georgiev,2,28,True,COL
ANA,John Gibson,0,23,DAL,Jake Oettinger,5,41,True,DAL
SEA,Joey Daccord,3,22,DET,Cam Talbot,4,25,True,DET
SJ,Mackenzie Blackwood,3,23,MTL,Caiden Primeau,2,18,False,SJ
NYR,Igor Shesterkin,2,21,BOS,Joonas Korpisalo,3,24,True,BOS
CHI,Petr Mrazek,4,25,EDM,Calvin Pickard,7,35,True,EDM
LA,Darcy Kuemper,1,27,MTL,Sam Montembeault,2,24,False,MTL
TB,Andrei Vasilevskiy,3,27,OTT,Linus Ullmark,4,25,False,OTT
NJ,Jake Allen,4,28,VGK,Ilya Samsonov,1,35,True,NJ
PHI,Samuel Ersson,5,34,WSH,Logan Thompson,4,31,False,PHI
CBJ,Daniil Tarasov,4,25,UT,Karel Vejmelka,3,27,False,CBJ
STL,Joel Hofer,3,17,FLA,Sergei Bobrovsky,0,20,True,STL
MIN,Filip Gustavsson,5,27,CAR,Frederik Andersen,1,31,True,MIN
CGY,Dustin Wolf,2,30,COL,Alexandar Georgiev,3,23,True,COL
SEA,Joey Daccord,5,31,TOR,Joeseph Woll,4,30,True,SEA
SJ,Mackenzie Blackwood,2,15,VAN,Arturs Silovs,1,23,False,SJ
NYR,Igor Shesterkin,1,24,PIT,Tristan Jarry,2,31,True,PIT
WPG,Kaapo Kahkonen,2,22,NYI,Semyon Varlamov,4,31,True,NYI
CHI,Petr Mrazek,3,28,NSH,Juuse Saros,2,22,False,CHI
EDM,Calvin Pickard,5,36,COL,Alexandar Georgiev,2,23,True,EDM
LA,Darcy Kuemper,0,24,DAL,Jake Oettinger,5,34,True,DAL
MTL,Sam Montembeault,5,28,NJ,Jacob Markstrom,4,29,False,MTL
DET,Ville Husso,1,18,TB,Jonas Johansson,2,23,False,TB
CAR,Frederik Andersen,2,35,UT,Karel Vejmelka,4,29,True,UT
BOS,Jeremy Swayman,3,19,VGK,Adin Hill,2,21,True,BOS
FLA,Sergei Bobrovsky,5,34,OTT,Linus Ullmark,3,29,True,FLA
PHI,Samuel Ersson,5,22,PIT,Alex Nedelkovich,2,35,True,PHI
CBJ,Elvis Merzlikins,2,27,NYR,Jonathan Quick,0,26,True,CBJ
STL,Jordan Binnington,4,33,CHI,Laurent Brossoit,6,20,True,CHI
VAN,Thatcher Demko,2,26,TOR,Anthony Stolarz,4,30,True,TOR
NSH,Scott Wedgewood,4,38,BUF,Ukko-Pekka Luukkonen,5,34,False,BUF
MIN,Filip Gustavsson,0,19,NYI,Semyon Varlamov,4,24,True,NYI
CGY,Dustin Wolf,4,28,SEA,Joey Daccord,3,20,False,CGY
LA,David Rittich,2,25,ANA,John Gibson,1,24,True,LA
SJ,Vitek Vanecek,4,23,DAL,Casey DeSmith,8,30,True,DAL
WSH,Charlie Lindgren,3,29,UT,Karel Vejmelka,2,33,False,WSH
MTL,Sam Montembeault,3,18,TB,Andrei Vasilevskiy,4,37,True,TB
PHI,Samuel Ersson,2,31,EDM,Stuart Skinner,3,29,True,EDM
PIT,Tristan Jarry,2,31,WSH,Charlie Lindgren,8,33,True,WSH
DET,Ville Husso,3,29,MIN,Marc-Andre Fleury,4,30,True,MIN
BUF,Devon Levi,4,20,NYR,Igor Shesterkin,0,25,True,BUF
FLA,Spencer Knight,4,22,SEA,Joey Daccord,0,21,True,FLA
NJ,Jake Allen,4,28,DAL,Jake Oettinger,1,27,True,NJ
NSH,Scott Wedgewood,1,26,COL,Alexandar Georgiev,4,25,True,COL
BOS,Jeremy Swayman,4,33,ANA,John Gibson,3,30,False,BOS
TOR,Anthony Stolarz,3,32,CAR,Frederik Andersen,2,23,True,TOR
OTT,Linus Ullmark,4,33,MTL,Caiden Primeau,1,31,True,OTT
CBJ,Daniil Tarasov,1,26,CHI,Petr Mrazek,5,37,True,CHI
STL,Jordan Binnington,3,28,WPG,Connor Hellebuyck,2,35,True,STL
LA,David Rittich,1,25,UT,Connor Ingram,3,30,True,UT
VGK,Adin Hill,2,24,VAN,Arturs Silovs,3,30,True,VAN
WSH,Charlie Lindgren,4,34,EDM,Stuart Skinner,6,32,True,EDM
PIT,Alex Nedelkovich,4,27,NYR,Igor Shesterkin,1,23,True,PIT
DET,Ville Husso,3,37,ANA,Lukas Dostal,0,23,True,DET
TB,Jonas Johansson,2,30,SEA,Joey Daccord,5,30,True,SEA
STL,Joel Hofer,2,32,COL,Alexandar Georgiev,4,29,True,COL
NSH,Juuse Saros,7,31,NJ,Jake Allen,4,36,True,NSH
CHI,Petr Mrazek,5,26,TOR,Joeseph Woll,3,28,True,CHI
NYI,Ilya Sorokin,4,31,DAL,Jake Oettinger,5,34,True,DAL
CGY,Dan Vladar,3,27,SJ,Mackenzie Blackwood,2,24,True,CGY
UT,Karel Vejmelka,2,20,VAN,Arturs Silovs,1,21,True,UT
WPG,Connor Hellebuyck,5,34,SJ,Mackenzie Blackwood,3,16,True,WPG
LA,Darcy Kuemper,1,18,VGK,Ilya Samsonov,2,31,True,VGK
BOS,Jeremy Swayman,1,24,TOR,Joeseph Woll,3,29,True,TOR
BUF,Ukko-Pekka Luukkonen,3,20,ANA,John Gibson,4,26,False,ANA
MTL,Sam Montembeault,3,22,CAR,Frederik Andersen,4,29,True,CAR
TB,Andrei Vasilevskiy,0,27,EDM,Stuart Skinner,5,31,True,EDM
PHI,Samuel Ersson,4,34,PIT,Tristan Jarry,1,27,True,PHI
WSH,Logan Thompson,1,33,CGY,Dustin Wolf,2,32,True,CGY
CBJ,Elvis Merzlikins,3,26,DAL,Jake Oettinger,5,43,True,DAL
NYI,Semyon Varlamov,5,32,NYR,Jonathan Quick,2,26,True,NYI
STL,Joel Hofer,3,29,SEA,Joey Daccord,1,20,True,STL
NSH,Juuse Saros,3,28,FLA,Sergei Bobrovsky,2,25,True,NSH
MIN,Marc-Andre Fleury,5,19,DET,Cam Talbot,2,17,True,MIN
UT,Connor Ingram,1,34,CHI,Petr Mrazek,0,23,False,UT
OTT,Anton Forsberg,2,29,WPG,Connor Hellebuyck,1,32,True,OTT
COL,Justus Annunen,2,28,NJ,Jacob Markstrom,3,28,True,NJ
LA,Darcy Kuemper,3,30,VAN,Thatcher Demko,1,32,True,LA
BOS,Jeremy Swayman,2,22,NYI,Semyon Varlamov,3,21,False,NYI
MTL,Sam Montembeault,6,29,SJ,Vitek Vanecek,2,16,True,MTL
DET,Cam Talbot,4,32,CBJ,Elvis Merzlikins,2,19,True,DET
TB,Andrei Vasilevskiy,2,30,CGY,Dan Vladar,1,28,False,TB
FLA,Sergei Bobrovsky,2,32,EDM,Calvin Pickard,3,29,False,EDM
PIT,Tristan Jarry,3,35,PHI,Ivan Fedotov,4,30,False,PHI
WSH,Logan Thompson,3,36,STL,Joel Hofer,4,22,True,STL
CAR,Frederik Andersen,1,34,BUF,Ukko-Pekka Luukkonen,0,18,False,CAR
NSH,Juuse Saros,1,24,WPG,Kaapo Kahkonen,5,33,True,WPG
UT,Karel Vejmelka,2,30,MIN,Marc-Andre Fleury,4,32,True,MIN
VGK,Adin Hill,5,27,CHI,Petr Mrazek,1,19,True,VGK
ANA,Lukas Dostal,3,25,VAN,Arturs Silovs,4,27,False,VAN
NYR,Igor Shesterkin,4,28,TOR,Anthony Stolarz,5,34,True,TOR
DAL,Casey DeSmith,7,34,LA,Darcy Kuemper,3,25,True,DAL
COL,Alexandar Georgiev,4,23,MIN,Marc-Andre Fleury,1,27,True,COL
NYI,Semyon Varlamov,3,29,NSH,Scott Wedgewood,2,31,True,NYI
WSH,Charlie Lindgren,5,28,TB,Andrei Vasilevskiy,4,24,False,WSH
CBJ,Daniil Tarasov,1,22,DET,Cam Talbot,0,21,True,CBJ
FLA,Sergei Bobrovsky,6,33,CGY,Dustin Wolf,3,26,True,FLA
PIT,Alex Nedelkovich,3,21,BOS,Jeremy Swayman,0,29,True,PIT
BUF,Devon Levi,2,21,MTL,Sam Montembeault,3,33,True,MTL
OTT,Linus Ullmark,5,26,SJ,Mackenzie Blackwood,3,26,True,OTT
CAR,Frederik Andersen,6,31,EDM,Stuart Skinner,3,22,True,CAR
WPG,Kaapo Kahkonen,0,25,PHI,Ivan Fedotov,4,23,True,PHI
STL,Jordan Binnington,2,28,LA,Darcy Kuemper,3,35,True,LA
UT,Karel Vejmelka,3,20,NJ,Jake Allen,6,32,True,NJ
ANA,John Gibson,1,32,CHI,Petr Mrazek,3,20,True,CHI
SEA,Joey Daccord,0,18,VAN,Thatcher Demko,4,29,True,VAN
PIT,Tristan Jarry,4,28,TOR,Joeseph Woll,3,38,True,PIT
MIN,Marc-Andre Fleury,2,23,BOS,Jeremy Swayman,1,22,True,MIN
CAR,Frederik Andersen,4,29,CGY,Dustin Wolf,2,19,True,CAR
DAL,Casey DeSmith,6,42,STL,Jordan Binnington,1,24,True,DAL
NYR,Igor Shesterkin,2,25,NSH,Juuse Saros,1,23,True,NYR
VGK,Ilya Samsonov,3,33,NJ,Jacob Markstrom,2,30,True,VGK
WSH,Charlie Lindgren,1,21,OTT,Linus Ullmark,3,19,True,OTT
MTL,Sam Montembeault,2,23,BUF,Devon Levi,1,35,True,MTL
FLA,Sergei Bobrovsky,3,21,TB,Andrei Vasilevskiy,2,22,True,FLA
NYR,Jonathan Quick,2,22,NYI,Ilya Sorokin,1,19,False,NYR
TOR,Anthony Stolarz,1,27,SJ,Vitek Vanecek,2,15,True,SJ
CHI,Petr Mrazek,2,21,LA,Darcy Kuemper,3,20,False,LA
BOS,Joonas Korpisalo,3,27,NSH,Scott Wedgewood,6,28,True,NSH
BUF,Devon Levi,1,23,SJ,Mackenzie Blackwood,5,25,True,SJ
DET,Ville Husso,1,24,CAR,Frederik Andersen,5,33,True,CAR
TB,Andrei Vasilevskiy,6,23,CBJ,Daniil Tarasov,1,22,True,TB
PHI,Samuel Ersson,2,24,CGY,Dan Vladar,3,28,False,CGY
NYI,Semyon Varlamov,2,22,WPG,Kaapo Kahkonen,6,28,True,WPG
DAL,Jake Oettinger,1,29,NJ,Jacob Markstrom,4,28,True,NJ
COL,Alexandar Georgiev,4,26,PIT,Tristan Jarry,2,31,True,COL
EDM,Stuart Skinner,2,36,ANA,Lukas Dostal,0,28,True,EDM
SEA,Philipp Grubauer,4,18,MIN,Filip Gustavsson,1,19,True,SEA
NYR,Jonathan Quick,4,29,WSH,Logan Thompson,2,26,True,NYR
CHI,Petr Mrazek,3,22,OTT,Anton Forsberg,4,29,False,OTT
VGK,Ilya Samsonov,7,32,TOR,Anthony Stolarz,8,25,False,TOR
VAN,Thatcher Demko,2,33,ANA,John Gibson,1,23,False,VAN
LA,Darcy Kuemper,2,26,STL,Jordan Binnington,3,20,False,STL
DET,Ville Husso,1,19,UT,Connor Ingram,2,29,True,UT
TB,Andrei Vasilevskiy,0,25,BUF,Ukko-Pekka Luukkonen,2,27,True,BUF
FLA,Spencer Knight,0,24,CBJ,Daniil Tarasov,3,19,True,CBJ
PHI,Samuel Ersson,2,31,WPG,Kaapo Kahkonen,0,20,True,PHI
CAR,Pyotr Kochetkov,2,25,BOS,Jeremy Swayman,3,24,False,BOS
NSH,Juuse Saros,2,23,SEA,Philipp Grubauer,5,32,True,SEA
DAL,Jake Oettinger,5,37,CGY,Dan Vladar,1,32,True,DAL
EDM,Stuart Skinner,4,34,MTL,Sam Montembeault,5,32,False,MTL
COL,Justus Annunen,4,24,SJ,Mackenzie Blackwood,2,17,True,COL
NJ,Jake Allen,2,33,WPG,Connor Hellebuyck,0,21,True,NJ
WSH,Logan Thompson,3,24,DET,Cam Talbot,2,32,False,WSH
CHI,Petr Mrazek,3,24,UT,Karel Vejmelka,4,21,True,UT
VAN,Thatcher Demko,2,23,MIN,Marc-Andre Fleury,1,23,True,VAN
VGK,Adin Hill,1,23,PIT,Alex Nedelkovich,2,32,True,PIT
ANA,Lukas Dostal,1,23,STL,Joel Hofer,2,28,False,STL
OTT,Linus Ullmark,1,23,NYR,Igor Shesterkin,2,21,True,NYR
PHI,Samuel Ersson,2,20,SEA,Joey Daccord,3,20,True,SEA
TB,Andrei Vasilevskiy,3,24,BOS,Joonas Korpisalo,6,33,True,BOS
FLA,Sergei Bobrovsky,6,36,BUF,Ukko-Pekka Luukkonen,1,22,True,FLA
COL,Justus Annunen,2,23,TOR,Joeseph Woll,4,32,True,TOR
CGY,Dustin Wolf,3,30,MTL,Caiden Primeau,4,25,True,MTL
NSH,Juuse Saros,3,26,CHI,Petr Mrazek,2,17,True,NSH
LA,Darcy Kuemper,0,18,STL,Joel Hofer,2,28,True,STL
EDM,Stuart Skinner,1,25,DAL,Casey DeSmith,2,30,True,DAL
SJ,Vitek Vanecek,0,25,NYI,Semyon Varlamov,4,27,True,NYI
PHI,Ivan Fedotov,7,34,NJ,Jake Allen,1,37,True,PHI
WSH,Charlie Lindgren,3,25,SEA,Philipp Grubauer,2,31,True,WSH
MIN,Marc-Andre Fleury,4,36,PIT,Tristan Jarry,0,19,True,MIN
CAR,Pyotr Kochetkov,1,26,WPG,Connor Hellebuyck,0,22,False,CAR
NYR,Igor Shesterkin,7,36,CBJ,Elvis Merzlikins,0,24,True,NYR
VGK,Adin Hill,3,22,LA,David Rittich,1,24,True,VGK
VAN,Arturs Silovs,2,30,DAL,Jake Oettinger,1,25,True,VAN
ANA,Lukas Dostal,2,28,NYI,Semyon Varlamov,1,35,True,ANA
BUF,Ukko-Pekka Luukkonen,4,20,EDM,Calvin Pickard,3,34,True,BUF
OTT,Linus Ullmark,1,30,DET,Cam Talbot,0,34,False,OTT
COL,Alexandar Georgiev,5,29,CHI,Laurent Brossoit,4,25,True,COL
UT,Connor Ingram,2,29,TOR,Joeseph Woll,3,34,True,TOR
BOS,Jeremy Swayman,3,21,FLA,Sergei Bobrovsky,2,30,False,BOS
NJ,Jacob Markstrom,3,40,CBJ,Elvis Merzlikins,1,29,True,NJ
PHI,Samuel Ersson,3,35,OTT,Linus Ullmark,1,22,True,PHI
PIT,Tristan Jarry,0,22,VGK,Ilya Samsonov,4,38,True,VGK
CAR,Pyotr Kochetkov,1,30,TB,Andrei Vasilevskiy,4,30,True,TB
MIN,Marc-Andre Fleury,1,20,COL,Alexandar Georgiev,0,21,True,MIN
WPG,Kaapo Kahkonen,0,22,NYR,Igor Shesterkin,1,30,True,NYR
VAN,Thatcher Demko,1,27,MTL,Sam Montembeault,2,18,False,MTL
ANA,John Gibson,0,26,WSH,Charlie Lindgren,2,20,True,WSH
LA,Darcy Kuemper,3,27,NYI,Semyon Varlamov,2,20,True,LA
SJ,Mackenzie Blackwood,3,25,NSH,Scott Wedgewood,4,35,True,NSH
DET,Cam Talbot,7,28,BUF,Ukko-Pekka Luukkonen,2,23,True,DET
CGY,Dustin Wolf,3,26,VAN,Thatcher Demko,6,30,True,VAN
UT,Karel Vejmelka,4,31,ANA,Lukas Dostal,2,30,True,UT
SEA,Joey Daccord,5,19,MTL,Sam Montembeault,1,23,True,SEA
TOR,Anthony Stolarz,2,29,FLA,Spencer Knight,3,29,False,FLA
OTT,Linus Ullmark,5,22,BOS,Joonas Korpisalo,2,20,True,OTT
NJ,Jake Allen,3,25,EDM,Stuart Skinner,2,24,False,NJ
PHI,Ivan Fedotov,3,28,TB,Jonas Johansson,4,35,False,TB
PIT,Tristan Jarry,3,26,STL,Joel Hofer,1,38,True,PIT
CBJ,Elvis Merzlikins,3,24,VGK,Ilya Samsonov,4,36,True,VGK
MIN,Marc-Andre Fleury,0,20,NYR,Igor Shesterkin,5,30,True,NYR
LA,David Rittich,2,23,WSH,Logan Thompson,4,24,True,WSH
SJ,Vitek Vanecek,3,18,CHI,Petr Mrazek,4,35,True,CHI
CAR,Pyotr Kochetkov,3,24,DET,Ville Husso,2,17,False,CAR
NYI,Ilya Sorokin,1,19,EDM,Stuart Skinner,3,31,True,EDM
WPG,Kaapo Kahkonen,3,27,DAL,Jake Oettinger,6,35,True,DAL
CGY,Dustin Wolf,2,19,COL,Justus Annunen,4,35,True,COL
ANA,John Gibson,2,19,NSH,Juuse Saros,4,23,True,NSH
SEA,Joey Daccord,5,30,UT,Karel Vejmelka,4,25,True,SEA
BUF,Ukko-Pekka Luukkonen,2,21,VGK,Ilya Samsonov,3,24,True,VGK
PIT,Tristan Jarry,3,30,NJ,Jacob Markstrom,2,40,True,PIT
SJ,Vitek Vanecek,4,25,WSH,Logan Thompson,3,24,False,SJ
BOS,Joonas Korpisalo,2,25,TB,Andrei Vasilevskiy,4,25,True,TB
TOR,Anthony Stolarz,3,33,OTT,Linus Ullmark,2,21,False,TOR
MTL,Sam Montembeault,2,22,FLA,Sergei Bobrovsky,0,31,True,MTL
PHI,Ivan Fedotov,1,30,CAR,Pyotr Kochetkov,3,36,True,CAR
CBJ,Elvis Merzlikins,0,22,NYR,Jonathan Quick,2,26,True,NYR
MIN,Marc-Andre Fleury,3,28,STL,Joel Hofer,1,18,True,MIN
LA,Darcy Kuemper,3,30,NSH,Juuse Saros,4,25,False,NSH
VAN,Thatcher Demko,3,22,CHI,Laurent Brossoit,1,25,True,VAN
DET,Cam Talbot,1,26,VGK,Adin Hill,3,23,True,VGK
COL,Alexandar Georgiev,2,23,DAL,Jake Oettinger,3,32,True,DAL
STL,Jordan Binnington,0,18,ANA,Lukas Dostal,2,34,True,ANA
NYR,Igor Shesterkin,4,27,EDM,Stuart Skinner,1,31,True,NYR
NYI,Ilya Sorokin,1,27,FLA,Sergei Bobrovsky,5,32,True,FLA
VAN,Arturs Silovs,7,25,UT,Karel Vejmelka,0,18,True,VAN
SEA,Joey Daccord,3,27,WPG,Connor Hellebuyck,2,20,True,SEA
BOS,Joonas Korpisalo,2,28,BUF,Ukko-Pekka Luukkonen,6,29,True,BUF
TB,Jonas Johansson,3,30,PHI,Ivan Fedotov,2,25,False,TB
CBJ,Daniil Tarasov,5,24,NJ,Jacob Markstrom,2,29,True,CBJ
TOR,Joeseph Woll,3,25,CGY,Dan Vladar,1,31,True,TOR
MIN,Marc-Andre Fleury,4,30,LA,David Rittich,5,22,False,LA
MTL,Sam Montembeault,4,30,OTT,Anton Forsberg,7,29,True,OTT
NYR,Igor Shesterkin,2,19,CGY,Dustin Wolf,1,31,True,NYR
PIT,Tristan Jarry,3,34,NYI,Ilya Sorokin,2,32,True,PIT
WSH,Charlie Lindgren,6,29,DET,Ville Husso,3,32,True,WSH
NSH,Scott Wedgewood,2,34,STL,Jordan Binnington,1,28,False,NSH
DAL,Jake Oettinger,3,40,ANA,John Gibson,4,27,False,ANA
CHI,Laurent Brossoit,1,19,SEA,Philipp Grubauer,0,30,False,CHI
EDM,Calvin Pickard,4,27,UT,Karel Vejmelka,0,22,True,EDM
VAN,Arturs Silovs,0,33,WPG,Kaapo Kahkonen,4,29,True,WPG
TOR,Anthony Stolarz,0,22,COL,Alexandar Georgiev,1,31,True,COL
MIN,Marc-Andre Fleury,2,23,SEA,Philipp Grubauer,5,23,True,SEA
OTT,Linus Ullmark,1,30,COL,Alexandar Georgiev,5,38,True,COL
NJ,Jake Allen,2,29,CGY,Dan Vladar,3,31,True,CGY
NYR,Igor Shesterkin,2,22,TOR,Anthony Stolarz,1,25,False,NYR
WSH,Logan Thompson,4,32,PHI,Samuel Ersson,5,32,False,PHI
CBJ,Elvis Merzlikins,2,20,FLA,Spencer Knight,6,22,True,FLA
NYI,Semyon Varlamov,9,37,MTL,Sam Montembeault,0,19,True,NYI
STL,Joel Hofer,1,22,VAN,Thatcher Demko,2,25,True,VAN
NSH,Scott Wedgewood,2,38,ANA,John Gibson,3,19,False,ANA
DAL,Casey DeSmith,2,28,TB,Andrei Vasilevskiy,7,27,True,TB
CHI,Laurent Brossoit,4,20,LA,David Rittich,5,34,False,LA
EDM,Stuart Skinner,4,36,WPG,Kaapo Kahkonen,1,28,True,EDM
UT,Karel Vejmelka,4,36,BUF,Ukko-Pekka Luukkonen,1,29,True,UT
VGK,Ilya Samsonov,5,24,BOS,Jeremy Swayman,2,30,True,VGK
SJ,Mackenzie Blackwood,3,25,CAR,Frederik Andersen,2,31,False,SJ
PIT,Tristan Jarry,1,31,CBJ,Daniil Tarasov,4,36,True,CBJ
NYR,Igor Shesterkin,3,21,VAN,Thatcher Demko,1,21,True,NYR
DAL,Casey DeSmith,1,39,PHI,Ivan Fedotov,2,28,False,PHI
MIN,Filip Gustavsson,3,18,BUF,Ukko-Pekka Luukkonen,4,19,False,BUF
STL,Joel Hofer,3,19,CHI,Laurent Brossoit,4,24,True,CHI
NYI,Ilya Sorokin,3,25,CGY,Dan Vladar,1,21,True,NYI
LA,Darcy Kuemper,6,29,CAR,Pyotr Kochetkov,0,28,True,LA
WSH,Charlie Lindgren,4,31,FLA,Sergei Bobrovsky,3,21,True,WSH
UT,Karel Vejmelka,0,31,TB,Andrei Vasilevskiy,2,20,True,TB
MTL,Caiden Primeau,2,31,COL,Justus Annunen,5,42,True,COL
NJ,Jacob Markstrom,3,26,OTT,Linus Ullmark,1,34,True,NJ
NSH,Scott Wedgewood,2,25,TOR,Anthony Stolarz,1,28,True,NSH
VGK,Adin Hill,5,26,DET,Ville Husso,1,27,True,VGK
EDM,Calvin Pickard,5,33,SEA,Joey Daccord,2,27,True,EDM
SJ,Vitek Vanecek,1,15,BOS,Joonas Korpisalo,3,29,True,BOS
CHI,Laurent Brossoit,4,30,PHI,Ivan Fedotov,0,30,True,CHI
WPG,Connor Hellebuyck,2,22,BUF,Devon Levi,3,26,True,BUF
FLA,Spencer Knight,2,35,PIT,Tristan Jarry,0,19,True,FLA
STL,Jordan Binnington,4,21,NSH,Juuse Saros,5,25,True,NSH
VGK,Ilya Samsonov,3,23,TB,Jonas Johansson,6,32,True,TB
ANA,Lukas Dostal,1,17,CAR,Frederik Andersen,4,35,True,CAR
LA,Darcy Kuemper,2,23,BOS,Jeremy Swayman,1,30,True,LA
NJ,Jacob Markstrom,2,27,VAN,Thatcher Demko,1,27,True,NJ
NYI,Ilya Sorokin,3,19,CBJ,Elvis Merzlikins,0,27,True,NYI
DAL,Casey DeSmith,2,26,MIN,Filip Gustavsson,3,29,True,MIN
UT,Connor Ingram,3,20,DET,Cam Talbot,2,25,True,UT
BUF,Devon Levi,2,33,OTT,Linus Ullmark,3,20,False,OTT
TOR,Anthony Stolarz,6,34,PHI,Samuel Ersson,2,32,True,TOR
TB,Andrei Vasilevskiy,1,26,PIT,Tristan Jarry,2,28,False,PIT
CAR,Pyotr Kochetkov,5,27,NSH,Scott Wedgewood,3,28,True,CAR
STL,Jordan Binnington,1,25,MTL,Caiden Primeau,3,33,True,MTL
MIN,Marc-Andre Fleury,2,18,VGK,Adin Hill,3,31,True,VGK
WPG,Kaapo Kahkonen,3,19,WSH,Charlie Lindgren,2,22,True,WPG
COL,Justus Annunen,0,25,DET,Ville Husso,2,25,True,DET
CGY,Dan Vladar,3,29,SEA,Philipp Grubauer,1,19,True,CGY
LA,Darcy Kuemper,3,29,NYR,Igor Shesterkin,2,25,True,LA
NYI,Semyon Varlamov,3,31,VAN,Arturs Silovs,1,26,True,NYI
CHI,Laurent Brossoit,1,30,NJ,Jacob Markstrom,3,39,True,NJ
EDM,Calvin Pickard,1,26,DAL,Jake Oettinger,2,32,True,DAL
ANA,John Gibson,2,29,BOS,Jeremy Swayman,0,20,True,ANA
BUF,Devon Levi,3,30,PIT,Alex Nedelkovich,5,37,True,PIT
DET,Cam Talbot,2,19,OTT,Linus Ullmark,1,24,True,DET
TB,Andrei Vasilevskiy,4,23,UT,Karel Vejmelka,1,34,True,TB
PHI,Ivan Fedotov,4,34,MTL,Sam Montembeault,2,26,True,PHI
NSH,Scott Wedgewood,1,24,STL,Jordan Binnington,2,21,True,STL
MIN,Filip Gustavsson,2,31,WSH,Logan Thompson,4,20,True,WSH
COL,Alexandar Georgiev,3,24,LA,David Rittich,2,21,True,COL
CGY,Dan Vladar,1,26,DAL,Jake Oettinger,3,33,True,DAL
SEA,Philipp Grubauer,1,30,EDM,Calvin Pickard,5,27,True,EDM
SJ,Mackenzie Blackwood,1,23,TOR,Anthony Stolarz,4,34,True,TOR
FLA,Spencer Knight,5,34,UT,Connor Ingram,3,26,True,FLA
CAR,Frederik Andersen,1,23,MTL,Sam Montembeault,5,29,True,MTL
CBJ,Elvis Merzlikins,4,29,VAN,Arturs Silovs,3,38,False,CBJ
WPG,Connor Hellebuyck,3,21,NJ,Jake Allen,2,26,False,WPG
CHI,Laurent Brossoit,3,25,VGK,Ilya Samsonov,0,21,True,CHI
ANA,John Gibson,2,28,NYR,Igor Shesterkin,3,28,False,NYR
PHI,Ivan Fedotov,5,28,BUF,Devon Levi,6,33,False,BUF
TB,Jonas Johansson,1,27,NYI,Ilya Sorokin,2,21,True,NYI
COL,Alexandar Georgiev,2,33,STL,Jordan Binnington,4,28,True,STL
MIN,Filip Gustavsson,1,19,NJ,Jake Allen,4,32,True,NJ
NSH,Juuse Saros,5,27,VGK,Adin Hill,1,24,True,NSH
OTT,Anton Forsberg,1,19,CBJ,Elvis Merzlikins,2,34,False,CBJ
LA,Darcy Kuemper,2,32,TOR,Anthony Stolarz,4,30,True,TOR
DET,Cam Talbot,2,19,BOS,Joonas Korpisalo,4,24,True,BOS
EDM,Stuart Skinner,2,35,CGY,Dan Vladar,4,22,True,CGY
SJ,Vitek Vanecek,4,22,NYR,Jonathan Quick,3,34,False,SJ
SEA,Philipp Grubauer,3,23,DAL,Jake Oettinger,6,33,True,DAL
FLA,Sergei Bobrovsky,5,23,MTL,Caiden Primeau,3,19,True,FLA
WSH,Logan Thompson,3,33,BUF,Devon Levi,2,33,False,WSH
WPG,Kaapo Kahkonen,4,29,VAN,Arturs Silovs,5,32,False,VAN
CHI,Laurent Brossoit,7,30,UT,Karel Vejmelka,3,22,True,CHI
PIT,Tristan Jarry,4,31,OTT,Anton Forsberg,2,34,True,PIT
CAR,Pyotr Kochetkov,4,26,NYI,Ilya Sorokin,3,19,True,CAR
ANA,Lukas Dostal,1,18,TOR,Anthony Stolarz,2,23,False,TOR
LA,Darcy Kuemper,8,40,SJ,Vitek Vanecek,1,21,True,LA
NJ,Jacob Markstrom,5,33,MIN,Marc-Andre Fleury,1,25,True,NJ
PHI,Samuel Ersson,1,26,NSH,Juuse Saros,0,37,True,PHI
COL,Alexandar Georgiev,1,30,CGY,Dan Vladar,3,24,True,CGY
SEA,Joey Daccord,2,30,DAL,Casey DeSmith,3,32,True,DAL
BOS,Jeremy Swayman,0,21,WSH,Logan Thompson,6,23,True,WSH
MTL,Sam Montembeault,4,25,FLA,Spencer Knight,2,35,True,MTL
OTT,Linus Ullmark,2,33,BUF,Ukko-Pekka Luukkonen,4,33,True,BUF
CBJ,Elvis Merzlikins,1,27,NSH,Juuse Saros,0,23,True,CBJ
NYI,Semyon Varlamov,5,19,TB,Jonas Johansson,1,32,True,NYI
STL,Jordan Binnington,2,26,DET,Cam Talbot,3,27,True,DET
UT,Connor Ingram,5,33,CGY,Dan Vladar,1,20,True,UT
VGK,Adin Hill,3,21,EDM,Stuart Skinner,4,33,False,EDM
ANA,Lukas Dostal,5,35,SJ,Mackenzie Blackwood,1,17,True,ANA
LA,Darcy Kuemper,3,31,WPG,Connor Hellebuyck,1,19,True,LA
NYR,Jonathan Quick,1,29,MIN,Filip Gustavsson,0,25,False,NYR
CAR,Frederik Andersen,4,28,WSH,Logan Thompson,5,30,True,WSH
TOR,Joeseph Woll,4,30,FLA,Spencer Knight,3,24,False,TOR
CHI,Laurent Brossoit,3,23,COL,Alexandar Georgiev,2,31,False,CHI
VAN,Arturs Silovs,3,31,SEA,Philipp Grubauer,0,17,True,VAN
MTL,Caiden Primeau,1,19,BOS,Joonas Korpisalo,5,39,True,BOS
OTT,Anton Forsberg,1,20,TB,Andrei Vasilevskiy,2,21,True,TB
CBJ,Daniil Tarasov,4,31,COL,Justus Annunen,3,33,False,CBJ
STL,Jordan Binnington,1,25,PIT,Alex Nedelkovich,3,31,True,PIT
DAL,Jake Oettinger,2,34,NSH,Scott Wedgewood,5,24,True,NSH
UT,Connor Ingram,2,26,LA,David Rittich,3,30,True,LA
CGY,Dustin Wolf,5,29,ANA,John Gibson,0,25,True,CGY
VGK,Ilya Samsonov,5,24,WPG,Connor Hellebuyck,3,26,True,VGK
SJ,Mackenzie Blackwood,0,21,EDM,Calvin Pickard,2,41,True,EDM
DET,Ville Husso,2,22,CAR,Pyotr Kochetkov,4,33,True,CAR
WSH,Charlie Lindgren,0,20,CHI,Laurent Brossoit,2,24,True,CHI
NYI,Ilya Sorokin,1,24,MIN,Filip Gustavsson,2,18,False,MIN
NJ,Jacob Markstrom,2,23,NYR,Igor Shesterkin,1,33,True,NJ
OTT,Anton Forsberg,1,23,FLA,Sergei Bobrovsky,4,28,True,FLA
DAL,Jake Oettinger,6,42,PIT,Tristan Jarry,2,25,True,DAL
VAN,Arturs Silovs,1,34,ANA,Lukas Dostal,5,21,True,ANA
LA,Darcy Kuemper,5,30,EDM,Calvin Pickard,0,27,True,LA
BOS,Joonas Korpisalo,4,20,CAR,Pyotr Kochetkov,1,27,True,BOS
BUF,Ukko-Pekka Luukkonen,4,26,TB,Andrei Vasilevskiy,1,34,True,BUF
TOR,Joeseph Woll,3,40,CBJ,Daniil Tarasov,4,27,True,CBJ
MTL,Sam Montembeault,3,26,PHI,Ivan Fedotov,4,38,True,PHI
STL,Jordan Binnington,4,32,COL,Justus Annunen,5,38,True,COL
UT,Karel Vejmelka,3,30,WPG,Connor Hellebuyck,1,22,True,UT
CGY,Dan Vladar,1,32,VGK,Ilya Samsonov,4,26,True,VGK
SJ,Mackenzie Blackwood,1,16,SEA,Philipp Grubauer,2,26,True,SEA
NYI,Semyon Varlamov,4,34,WSH,Charlie Lindgren,2,23,True,NYI
MIN,Filip Gustavsson,5,23,DAL,Casey DeSmith,3,22,True,MIN
OTT,Anton Forsberg,4,37,CBJ,Daniil Tarasov,2,27,True,OTT
DET,Ville Husso,3,18,FLA,Spencer Knight,0,20,True,DET
BUF,Ukko-Pekka Luukkonen,3,26,BOS,Joonas Korpisalo,4,26,True,BOS
CHI,Laurent Brossoit,3,28,PIT,Alex Nedelkovich,2,27,True,CHI
NSH,Juuse Saros,5,39,MTL,Sam Montembeault,2,30,True,NSH
VAN,Thatcher Demko,1,21,VGK,Ilya Samsonov,2,20,True,VGK
NYR,Jonathan Quick,2,30,TB,Andrei Vasilevskiy,3,29,True,TB
WPG,Connor Hellebuyck,2,29,STL,Jordan Binnington,3,21,False,STL
ANA,John Gibson,4,32,EDM,Stuart Skinner,9,42,True,EDM
LA,David Rittich,2,24,SEA,Philipp Grubauer,3,26,True,SEA
SJ,Mackenzie Blackwood,1,18,CGY,Dustin Wolf,6,31,True,CGY
BUF,Ukko-Pekka Luukkonen,1,31,CAR,Frederik Andersen,2,22,True,CAR
MTL,Caiden Primeau,2,19,DET,Ville Husso,1,29,False,MTL
FLA,Spencer Knight,5,29,TOR,Anthony Stolarz,3,20,True,FLA
NJ,Jacob Markstrom,3,30,BOS,Jeremy Swayman,5,34,True,BOS
CBJ,Elvis Merzlikins,2,34,OTT,Linus Ullmark,3,24,False,OTT
PIT,Alex Nedelkovich,3,26,CHI,Laurent Brossoit,4,21,True,CHI
NSH,Scott Wedgewood,6,33,NYI,Ilya Sorokin,2,20,True,NSH
DAL,Casey DeSmith,1,29,VAN,Thatcher Demko,3,23,True,VAN
UT,Karel Vejmelka,0,19,SEA,Philipp Grubauer,4,19,True,SEA
COL,Alexandar Georgiev,11,35,VGK,Ilya Samsonov,2,21,True,COL
TB,Jonas Johansson,1,35,TOR,Anthony Stolarz,2,28,True,TOR
NYR,Jonathan Quick,3,30,PHI,Ivan Fedotov,6,25,True,PHI
MIN,Filip Gustavsson,3,37,SJ,Vitek Vanecek,0,21,True,MIN
EDM,Calvin Pickard,4,35,STL,Joel Hofer,1,28,True,EDM
ANA,John Gibson,3,20,CGY,Dustin Wolf,2,28,True,ANA
BOS,Joonas Korpisalo,3,25,CHI,Petr Mrazek,2,26,True,BOS
FLA,Spencer Knight,3,34,DET,Ville Husso,4,24,False,DET
WSH,Charlie Lindgren,4,31,CAR,Pyotr Kochetkov,0,28,True,WSH
CBJ,Elvis Merzlikins,0,19,BUF,Ukko-Pekka Luukkonen,3,28,True,BUF
NYI,Semyon Varlamov,5,21,NYR,Igor Shesterkin,0,25,True,NYI
DAL,Casey DeSmith,3,23,WPG,Kaapo Kahkonen,4,31,False,WPG
COL,Justus Annunen,5,22,VAN,Arturs Silovs,2,33,True,COL
UT,Karel Vejmelka,0,31,NSH,Scott Wedgewood,5,35,True,NSH
VGK,Ilya Samsonov,2,30,SEA,Philipp Grubauer,4,18,True,SEA
LA,David Rittich,2,31,ANA,John Gibson,4,30,True,ANA
OTT,Linus Ullmark,2,20,MTL,Caiden Primeau,5,27,True,MTL
TB,Andrei Vasilevskiy,3,25,DET,Cam Talbot,2,18,False,TB
NJ,Jacob Markstrom,1,32,PIT,Tristan Jarry,3,26,True,PIT
EDM,Calvin Pickard,3,37,SJ,Vitek Vanecek,2,19,False,EDM
CGY,Dustin Wolf,5,30,MIN,Marc-Andre Fleury,4,28,False,CGY
PHI,Samuel Ersson,5,26,NYI,Ilya Sorokin,1,21,True,PHI
CAR,Frederik Andersen,2,23,NYR,Igor Shesterkin,1,29,False,CAR
LA,Darcy Kuemper,3,31,COL,Justus Annunen,0,30,True,LA
FLA,Sergei Bobrovsky,2,26,BUF,Devon Levi,3,19,False,BUF
TOR,Anthony Stolarz,4,29,MTL,Caiden Primeau,3,25,True,TOR
CBJ,Daniil Tarasov,1,27,WSH,Logan Thompson,5,29,True,WSH
CHI,Laurent Brossoit,4,28,WPG,Kaapo Kahkonen,1,25,True,CHI
DAL,Casey DeSmith,0,23,UT,Karel Vejmelka,1,26,True,UT
VAN,Thatcher Demko,2,24,MIN,Marc-Andre Fleury,3,23,True,MIN
VGK,Adin Hill,2,27,NSH,Juuse Saros,4,26,True,NSH
SEA,Joey Daccord,3,27,STL,Joel Hofer,2,29,True,SEA
OTT,Anton Forsberg,5,33,PHI,Samuel Ersson,4,24,False,OTT
NJ,Jake Allen,2,36,NYI,Semyon Varlamov,3,31,False,NYI
PIT,Alex Nedelkovich,0,22,BOS,Jeremy Swayman,1,22,True,BOS
CAR,Pyotr Kochetkov,4,27,TOR,Anthony Stolarz,3,25,True,CAR
TB,Jonas Johansson,4,33,BUF,Ukko-Pekka Luukkonen,1,33,True,TB
WSH,Charlie Lindgren,3,24,CBJ,Daniil Tarasov,1,31,True,WSH
WPG,Kaapo Kahkonen,2,26,EDM,Calvin Pickard,5,25,True,EDM
CGY,Dustin Wolf,3,36,SJ,Mackenzie Blackwood,1,27,True,CGY
ANA,Lukas Dostal,2,19,COL,Justus Annunen,5,35,True,COL
MTL,Sam Montembeault,5,30,CHI,Petr Mrazek,3,25,True,MTL
DET,Ville Husso,1,26,DAL,Jake Oettinger,7,38,True,DAL
FLA,Sergei Bobrovsky,3,20,NYR,Jonathan Quick,2,28,True,FLA
NSH,Scott Wedgewood,3,28,UT,Karel Vejmelka,5,22,True,UT
EDM,Calvin Pickard,0,31,LA,Darcy Kuemper,6,30,True,LA
VAN,Thatcher Demko,2,30,SJ,Mackenzie Blackwood,3,21,False,SJ
BOS,Joonas Korpisalo,5,33,NJ,Jake Allen,2,27,True,BOS
BUF,Devon Levi,3,33,TOR,Joeseph Woll,7,38,True,TOR
OTT,Linus Ullmark,3,19,CHI,Laurent Brossoit,1,21,True,OTT
TB,Andrei Vasilevskiy,3,31,FLA,Sergei Bobrovsky,4,31,False,FLA
PHI,Ivan Fedotov,0,34,CBJ,Elvis Merzlikins,3,32,True,CBJ
NYI,Ilya Sorokin,0,22,WSH,Logan Thompson,2,28,True,WSH
STL,Joel Hofer,2,22,UT,Karel Vejmelka,1,28,True,STL
MIN,Filip Gustavsson,2,19,ANA,John Gibson,1,20,True,MIN
CGY,Dustin Wolf,3,20,VGK,Ilya Samsonov,0,34,True,CGY
SEA,Joey Daccord,2,26,LA,Darcy Kuemper,3,23,True,LA
MTL,Sam Montembeault,2,26,CAR,Pyotr Kochetkov,6,44,True,CAR
WPG,Kaapo Kahkonen,2,27,ANA,John Gibson,1,23,True,WPG
NJ,Jake Allen,6,35,DET,Ville Husso,1,22,True,NJ
NSH,Scott Wedgewood,1,23,DAL,Casey DeSmith,3,23,True,DAL
VAN,Thatcher Demko,1,20,VGK,Adin Hill,2,20,False,VGK
SJ,Mackenzie Blackwood,3,19,EDM,Stuart Skinner,4,33,True,EDM
BUF,Devon Levi,3,29,PHI,Ivan Fedotov,1,26,True,BUF
TOR,Joeseph Woll,3,27,DET,Ville Husso,1,18,True,TOR
OTT,Anton Forsberg,2,28,CAR,Pyotr Kochetkov,4,24,True,CAR
NYR,Jonathan Quick,1,20,TB,Jonas Johansson,3,25,True,TB
PIT,Alex Nedelkovich,3,29,WSH,Charlie Lindgren,5,37,True,WSH
CBJ,Daniil Tarasov,1,28,NYI,Semyon Varlamov,2,24,True,NYI
