Player,Stat,25th Percentile,50th Percentile (Median),75th Percentile
Brad Marchand,Goals,25.0,28.0,32.0
Brad Marchand,Assists,35.0,39.0,44.25
Brad Marchand,Points,62.0,67.5,73.0
David Pastrnak,Goals,37.0,40.0,44.0
David Pastrnak,Assists,40.0,45.0,49.25
David Pastrnak,Points,79.0,85.0,91.0
Elias Lindholm,Goals,22.0,26.0,29.25
Elias Lindholm,Assists,34.0,37.0,42.0
Elias Lindholm,Points,58.0,64.0,68.0
Charlie Coyle,Goals,19.0,22.0,26.0
Charlie Coyle,Assists,23.75,26.0,30.25
Charlie Coyle,Points,45.0,50.0,55.0
Pavel Zacha,Goals,17.0,19.0,22.25
Pavel Zacha,Assists,26.75,30.0,33.0
Pavel Zacha,Points,46.0,49.0,56.0
Trent Frederic,Goals,18.0,20.0,23.0
Trent Frederic,Assists,24.0,28.0,32.0
Trent Frederic,Points,43.0,49.0,52.0
Morgan Geekie,Goals,10.0,12.0,15.0
Morgan Geekie,Assists,20.75,24.0,26.0
Morgan Geekie,Points,32.0,36.0,41.0
John Beecher,Goals,11.75,14.0,16.0
John Beecher,Assists,9.0,12.0,14.0
John Beecher,Points,22.0,25.0,29.25
Mark Kastelic,Goals,6.75,8.5,11.0
Mark Kastelic,Assists,8.0,10.0,11.0
Mark Kastelic,Points,16.0,19.0,21.0
Patrick Brown,Goals,4.0,5.0,7.0
Patrick Brown,Assists,6.0,8.0,10.0
Patrick Brown,Points,12.0,13.5,16.0
Justin Brazeau,Goals,8.0,11.0,12.0
Justin Brazeau,Assists,7.0,9.0,11.0
Justin Brazeau,Points,17.0,19.0,21.0
Max Jones,Goals,2.0,4.0,5.0
Max Jones,Assists,12.0,14.0,16.0
Max Jones,Points,15.0,18.0,20.0
Charlie McAvoy,Goals,11.0,13.0,16.0
Charlie McAvoy,Assists,31.75,36.0,39.0
Charlie McAvoy,Points,45.0,49.0,53.0
Hampus Lindholm,Goals,3.0,4.0,5.0
Hampus Lindholm,Assists,21.0,24.0,27.0
Hampus Lindholm,Points,25.0,28.0,31.0
Brandon Carlo,Goals,1.0,2.0,3.0
Brandon Carlo,Assists,15.0,17.0,20.0
Brandon Carlo,Points,17.0,20.0,23.0
Nikita Zadorov,Goals,2.0,3.0,4.0
Nikita Zadorov,Assists,15.0,17.0,20.0
Nikita Zadorov,Points,18.0,20.0,24.0
Andrew Peeke,Goals,0.0,1.0,1.0
Andrew Peeke,Assists,8.0,10.0,12.0
Andrew Peeke,Points,9.0,11.0,13.0
Mason Lohrei,Goals,0.0,1.0,2.0
Mason Lohrei,Assists,5.0,7.0,8.0
Mason Lohrei,Points,5.0,8.0,10.0
Parker Wotherspoon,Goals,0.0,0.0,1.0
Parker Wotherspoon,Assists,0.0,1.0,2.0
Parker Wotherspoon,Points,1.0,2.0,2.0
Tage Thompson,Goals,33.0,38.0,42.0
Tage Thompson,Assists,32.0,36.0,42.0
Tage Thompson,Points,67.75,74.0,81.0
Alex Tuch,Goals,24.75,27.0,30.0
Alex Tuch,Assists,40.0,44.0,49.0
Alex Tuch,Points,66.0,71.5,78.0
JJ Peterka,Goals,26.75,29.0,33.25
JJ Peterka,Assists,28.0,32.0,36.0
JJ Peterka,Points,57.0,62.0,69.0
Dylan Cozens,Goals,16.0,19.0,22.0
Dylan Cozens,Assists,25.0,29.0,33.0
Dylan Cozens,Points,43.0,48.0,53.0
Jack Quinn,Goals,19.0,23.0,25.25
Jack Quinn,Assists,25.0,29.0,32.0
Jack Quinn,Points,46.0,51.5,56.0
Jason Zucker,Goals,19.0,21.0,23.0
Jason Zucker,Assists,23.0,25.5,29.25
Jason Zucker,Points,42.0,46.0,50.25
Jordan Greenway,Goals,6.0,7.0,9.0
Jordan Greenway,Assists,9.0,11.0,14.0
Jordan Greenway,Points,16.0,19.0,22.0
Zach Benson,Goals,7.0,10.0,12.0
Zach Benson,Assists,20.75,23.0,26.25
Zach Benson,Points,29.0,33.5,36.0
Ryan McLeod,Goals,10.0,12.5,15.0
Ryan McLeod,Assists,19.0,22.0,27.0
Ryan McLeod,Points,31.0,35.0,39.0
Sam Lafferty,Goals,9.0,11.0,13.0
Sam Lafferty,Assists,6.0,9.0,10.0
Sam Lafferty,Points,16.0,20.0,23.0
Nicolas Aube-Kubel,Goals,5.0,7.0,8.0
Nicolas Aube-Kubel,Assists,9.0,11.0,13.0
Nicolas Aube-Kubel,Points,15.0,18.0,21.0
Beck Malenstyn,Goals,4.0,6.0,8.0
Beck Malenstyn,Assists,6.0,8.0,10.0
Beck Malenstyn,Points,11.0,14.0,17.0
Peyton Krebs,Goals,0.0,0.0,1.0
Peyton Krebs,Assists,1.0,1.0,2.0
Peyton Krebs,Points,1.0,2.0,3.0
Rasmus Dahlin,Goals,14.0,16.0,20.25
Rasmus Dahlin,Assists,31.0,35.0,39.0
Rasmus Dahlin,Points,47.75,52.0,57.0
Owen Power,Goals,2.0,4.0,5.25
Owen Power,Assists,17.0,21.0,23.25
Owen Power,Points,20.75,24.0,28.0
Bowen Byram,Goals,3.0,4.0,5.0
Bowen Byram,Assists,14.0,18.0,21.0
Bowen Byram,Points,18.0,22.0,26.0
Henri Jokijarju,Goals,0.75,1.0,2.0
Henri Jokijarju,Assists,13.0,15.0,18.0
Henri Jokijarju,Points,14.75,17.0,19.25
Connor Clifton,Goals,0.0,1.0,1.0
Connor Clifton,Assists,10.0,13.0,15.0
Connor Clifton,Points,11.0,14.0,17.0
Mattias Samuelsson,Goals,0.0,0.0,1.0
Mattias Samuelsson,Assists,5.75,7.0,9.0
Mattias Samuelsson,Points,6.0,7.0,9.0
Jacob Bryson,Goals,0.0,1.0,1.0
Jacob Bryson,Assists,1.0,2.0,4.0
Jacob Bryson,Points,2.0,3.0,4.25
Dylan Larkin,Goals,27.0,30.0,34.0
Dylan Larkin,Assists,34.0,39.0,43.0
Dylan Larkin,Points,64.0,69.0,75.0
Lucas Raymond,Goals,24.0,28.0,32.0
Lucas Raymond,Assists,23.0,27.0,30.25
Lucas Raymond,Points,50.75,57.0,60.25
Alex DeBrincat,Goals,23.0,25.5,29.25
Alex DeBrincat,Assists,30.0,34.0,39.0
Alex DeBrincat,Points,55.0,59.5,66.0
Patrick Kane,Goals,20.0,22.5,26.0
Patrick Kane,Assists,25.0,29.0,32.0
Patrick Kane,Points,47.75,52.0,56.0
JT Compher,Goals,16.0,19.0,24.0
JT Compher,Assists,22.75,26.0,29.25
JT Compher,Points,40.75,45.0,51.5
Vladimir Tarasenko,Goals,18.0,21.0,25.0
Vladimir Tarasenko,Assists,25.0,28.5,32.25
Vladimir Tarasenko,Points,45.75,51.0,54.0
Andrew Copp,Goals,6.0,8.0,10.0
Andrew Copp,Assists,16.0,18.0,21.0
Andrew Copp,Points,23.0,27.0,30.0
Michael Rasmussen,Goals,7.0,9.5,12.0
Michael Rasmussen,Assists,19.0,22.0,26.0
Michael Rasmussen,Points,27.75,31.0,36.0
Jonatan Berggren,Goals,11.0,13.5,16.25
Jonatan Berggren,Assists,16.75,19.0,21.0
Jonatan Berggren,Points,29.0,33.5,37.0
Joe Veleno,Goals,6.75,9.0,10.0
Joe Veleno,Assists,6.75,8.0,9.0
Joe Veleno,Points,13.75,17.0,19.0
Christian Fischer,Goals,4.0,5.0,7.0
Christian Fischer,Assists,9.0,10.0,13.0
Christian Fischer,Points,14.0,16.0,19.0
Tyler Motte,Goals,4.0,5.0,7.0
Tyler Motte,Assists,8.0,10.0,12.0
Tyler Motte,Points,13.0,15.0,18.0
Austin Watson,Goals,4.0,5.5,7.0
Austin Watson,Assists,3.0,5.0,7.0
Austin Watson,Points,8.0,11.0,13.25
Moritz Seider,Goals,8.0,10.0,13.0
Moritz Seider,Assists,26.0,29.0,32.0
Moritz Seider,Points,35.0,38.5,43.0
Ben Chiarot,Goals,4.0,5.0,7.0
Ben Chiarot,Assists,16.0,20.0,23.0
Ben Chiarot,Points,21.0,25.0,28.0
Jeff Petry,Goals,1.0,2.0,3.0
Jeff Petry,Assists,15.0,17.0,20.0
Jeff Petry,Points,17.0,19.0,23.0
Simon Edvinsson,Goals,1.0,2.0,3.0
Simon Edvinsson,Assists,10.75,12.0,14.0
Simon Edvinsson,Points,13.0,15.0,17.25
Erik Gustafsson,Goals,1.0,1.0,2.0
Erik Gustafsson,Assists,12.0,14.0,17.0
Erik Gustafsson,Points,13.0,15.0,18.0
Olli Maatta,Goals,1.0,1.0,2.0
Olli Maatta,Assists,7.0,9.0,11.0
Olli Maatta,Points,8.0,11.0,13.0
Justin Holl,Goals,0.0,0.0,1.0
Justin Holl,Assists,0.75,1.0,2.0
Justin Holl,Points,1.0,2.0,3.0
Matthew Tkachuk,Goals,25.75,28.0,33.0
Matthew Tkachuk,Assists,46.0,49.0,55.0
Matthew Tkachuk,Points,73.0,78.0,84.0
Aleksander Barkov,Goals,31.0,34.0,37.0
Aleksander Barkov,Assists,41.75,46.0,52.0
Aleksander Barkov,Points,75.75,80.0,85.0
Sam Reinhart,Goals,42.75,47.0,51.0
Sam Reinhart,Assists,33.0,36.0,40.0
Sam Reinhart,Points,77.0,84.0,90.0
Sam Bennett,Goals,18.0,21.0,24.0
Sam Bennett,Assists,28.0,31.0,34.0
Sam Bennett,Points,48.75,52.5,56.25
Carter Verhaeghe,Goals,26.0,30.0,33.0
Carter Verhaeghe,Assists,26.0,30.0,34.0
Carter Verhaeghe,Points,55.0,59.0,65.25
Evan Rodrigues,Goals,7.0,10.0,11.25
Evan Rodrigues,Assists,25.0,27.0,32.0
Evan Rodrigues,Points,33.0,37.0,41.25
Eetu Luostarainen,Goals,9.0,12.0,14.0
Eetu Luostarainen,Assists,14.0,17.0,21.0
Eetu Luostarainen,Points,25.0,29.0,33.25
Jonah Gadjovich,Goals,4.75,6.0,8.0
Jonah Gadjovich,Assists,11.0,13.0,15.0
Jonah Gadjovich,Points,17.0,19.0,22.25
Anton Lundell,Goals,6.0,8.0,10.0
Anton Lundell,Assists,14.0,17.0,20.0
Anton Lundell,Points,22.0,26.0,29.0
Jesper Boqvist,Goals,10.0,12.0,15.0
Jesper Boqvist,Assists,10.0,12.5,15.0
Jesper Boqvist,Points,22.0,25.0,29.0
AJ Greer,Goals,6.0,7.0,9.0
AJ Greer,Assists,7.0,9.0,11.0
AJ Greer,Points,13.0,16.0,19.0
Tomas Nosek,Goals,3.0,4.0,6.25
Tomas Nosek,Assists,10.0,12.0,14.0
Tomas Nosek,Points,15.0,17.0,19.0
Aaron Ekblad,Goals,8.0,10.0,11.0
Aaron Ekblad,Assists,21.75,25.0,28.0
Aaron Ekblad,Points,30.0,35.0,38.0
Gustav Forsling,Goals,8.75,10.0,12.0
Gustav Forsling,Assists,28.0,31.0,35.0
Gustav Forsling,Points,37.0,42.0,46.0
Dimitry Kulikov,Goals,0.0,1.5,2.0
Dimitry Kulikov,Assists,15.75,19.0,23.0
Dimitry Kulikov,Points,17.0,21.0,25.0
Niko Mikkola,Goals,0.75,1.0,2.0
Niko Mikkola,Assists,8.0,10.0,13.0
Niko Mikkola,Points,9.0,12.0,14.0
Nate Schmidt,Goals,0.0,1.0,2.0
Nate Schmidt,Assists,6.0,8.0,10.0
Nate Schmidt,Points,7.0,10.0,12.0
Adam Boqvist,Goals,1.0,2.0,3.0
Adam Boqvist,Assists,8.0,9.0,11.25
Adam Boqvist,Points,9.0,11.0,13.0
Uvis Balinskis,Goals,0.0,1.0,1.0
Uvis Balinskis,Assists,1.0,1.0,2.0
Uvis Balinskis,Points,1.75,2.0,3.0
Tobias Bjornfoot,Goals,0.0,1.0,1.0
Tobias Bjornfoot,Assists,1.0,2.0,2.0
Tobias Bjornfoot,Points,1.0,2.0,3.0
John Ludvig,Goals,0.0,1.0,2.0
John Ludvig,Assists,1.0,2.0,3.0
John Ludvig,Points,2.0,3.0,4.0
Nick Suzuki,Goals,29.75,34.0,38.0
Nick Suzuki,Assists,32.75,35.0,39.25
Nick Suzuki,Points,65.0,69.0,75.0
Cole Caufield,Goals,29.0,32.0,35.25
Cole Caufield,Assists,27.0,30.0,34.0
Cole Caufield,Points,57.0,63.0,67.25
Juraj Slafkovsky,Goals,24.0,27.5,31.0
Juraj Slafkovsky,Assists,19.0,21.0,25.0
Juraj Slafkovsky,Points,44.0,49.0,53.0
Patrik Laine,Goals,1.0,2.0,3.0
Patrik Laine,Assists,2.0,3.0,4.0
Patrik Laine,Points,4.0,5.0,6.0
Kriby Dach,Goals,15.0,19.0,23.0
Kriby Dach,Assists,13.75,17.0,20.0
Kriby Dach,Points,30.0,36.0,40.0
Alex Newhook,Goals,19.0,22.0,26.25
Alex Newhook,Assists,24.0,27.0,30.25
Alex Newhook,Points,46.0,49.5,55.0
Josh Anderson,Goals,3.0,5.0,7.0
Josh Anderson,Assists,11.0,14.0,17.0
Josh Anderson,Points,16.0,19.0,22.0
Christian Dvorak,Goals,6.0,8.0,10.0
Christian Dvorak,Assists,12.75,15.0,18.0
Christian Dvorak,Points,21.0,24.0,27.25
Rafael Harvey-Pinard,Goals,7.0,9.0,11.0
Rafael Harvey-Pinard,Assists,18.0,21.0,24.0
Rafael Harvey-Pinard,Points,25.75,29.0,34.0
Brendan Gallagher,Goals,3.0,4.0,6.0
Brendan Gallagher,Assists,14.0,17.0,20.0
Brendan Gallagher,Points,18.0,21.5,24.0
Joel Armia,Goals,19.0,22.0,24.0
Joel Armia,Assists,15.0,18.0,20.25
Joel Armia,Points,36.0,40.0,43.0
Jake Evans,Goals,5.0,6.0,8.0
Jake Evans,Assists,14.0,18.0,20.0
Jake Evans,Points,20.0,23.0,27.0
Joshua Roy,Goals,8.0,10.0,12.0
Joshua Roy,Assists,13.0,17.0,19.0
Joshua Roy,Points,22.0,27.0,31.0
Michael Pezzetta,Goals,0.0,1.0,2.0
Michael Pezzetta,Assists,1.0,3.0,4.0
Michael Pezzetta,Points,2.0,4.0,5.0
Mike Matheson,Goals,13.0,16.0,18.0
Mike Matheson,Assists,32.75,37.0,40.0
Mike Matheson,Points,47.75,52.0,56.0
David Savard,Goals,4.0,5.0,6.0
David Savard,Assists,18.0,22.0,26.25
David Savard,Points,22.0,27.0,31.0
Kaiden Guhle,Goals,2.0,3.0,4.0
Kaiden Guhle,Assists,18.0,22.0,25.0
Kaiden Guhle,Points,22.0,25.0,29.0
Justin Barron,Goals,2.0,3.0,4.0
Justin Barron,Assists,18.0,20.0,23.0
Justin Barron,Points,21.0,24.0,26.0
Lane Hutson,Goals,0.0,1.0,2.0
Lane Hutson,Assists,8.0,9.0,11.0
Lane Hutson,Points,9.0,10.5,12.25
Arber Xhekaj,Goals,0.75,1.0,2.0
Arber Xhekaj,Assists,9.0,12.0,14.0
Arber Xhekaj,Points,10.0,13.0,16.0
Tim Stuetzle,Goals,23.0,27.0,30.0
Tim Stuetzle,Assists,33.0,37.5,43.0
Tim Stuetzle,Points,58.0,65.0,72.0
Claude Giroux,Goals,30.0,34.0,37.0
Claude Giroux,Assists,34.0,38.0,42.0
Claude Giroux,Points,65.75,70.0,77.0
Brady Tkachuk,Goals,22.0,26.0,30.0
Brady Tkachuk,Assists,44.0,48.5,55.0
Brady Tkachuk,Points,69.75,75.0,83.0
Drake Batherson,Goals,20.0,23.5,27.0
Drake Batherson,Assists,28.0,31.0,35.25
Drake Batherson,Points,51.0,55.0,59.25
Shane Pinto,Goals,7.0,8.0,10.0
Shane Pinto,Assists,21.0,24.0,27.25
Shane Pinto,Points,28.0,33.0,36.0
Josh Norris,Goals,27.0,31.0,35.0
Josh Norris,Assists,9.0,11.0,13.25
Josh Norris,Points,39.0,43.0,47.0
David Perron,Goals,12.75,15.0,18.0
David Perron,Assists,19.0,22.0,25.0
David Perron,Points,33.0,39.0,42.0
Ridley Greig,Goals,11.0,13.0,16.0
Ridley Greig,Assists,23.0,26.0,29.0
Ridley Greig,Points,35.0,39.0,43.0
Michael Amadio,Goals,13.0,16.0,19.0
Michael Amadio,Assists,14.0,17.0,19.0
Michael Amadio,Points,30.0,33.0,36.25
Zack MacEwen,Goals,4.75,6.0,8.0
Zack MacEwen,Assists,7.0,9.0,10.0
Zack MacEwen,Points,12.0,14.5,17.25
Noah Gregor,Goals,3.0,4.0,6.0
Noah Gregor,Assists,10.0,12.0,14.0
Noah Gregor,Points,14.0,16.0,18.0
Nick Cousins,Goals,5.0,6.0,8.0
Nick Cousins,Assists,7.0,9.0,11.0
Nick Cousins,Points,13.0,16.0,18.0
Jake Sanderson,Goals,5.0,6.0,8.0
Jake Sanderson,Assists,19.0,22.0,26.0
Jake Sanderson,Points,25.0,29.0,33.0
Thomas Chabot,Goals,6.0,8.0,10.25
Thomas Chabot,Assists,16.0,20.0,23.25
Thomas Chabot,Points,24.0,28.0,31.0
Artem Zub,Goals,1.0,2.0,3.0
Artem Zub,Assists,15.0,16.0,20.0
Artem Zub,Points,16.0,18.0,22.0
Nick Jensen,Goals,1.0,2.0,3.0
Nick Jensen,Assists,19.0,22.0,25.0
Nick Jensen,Points,21.0,24.0,27.0
Travis Hamonic,Goals,0.0,1.0,2.0
Travis Hamonic,Assists,6.0,8.0,10.0
Travis Hamonic,Points,7.75,9.0,11.0
Jacob Bernard-Docker,Goals,0.0,1.0,2.0
Jacob Bernard-Docker,Assists,5.0,6.5,8.0
Jacob Bernard-Docker,Points,6.0,8.0,10.0
Nikita Kucherov,Goals,31.75,37.0,41.0
Nikita Kucherov,Assists,45.75,49.0,53.0
Nikita Kucherov,Points,79.75,86.5,92.25
Brayden Point,Goals,39.75,44.5,49.0
Brayden Point,Assists,32.0,36.0,40.0
Brayden Point,Points,76.0,81.0,87.0
Jake Guentzel,Goals,18.0,21.0,24.0
Jake Guentzel,Assists,41.75,45.0,50.0
Jake Guentzel,Points,60.0,68.0,72.0
Brandon Hagel,Goals,20.0,23.0,26.0
Brandon Hagel,Assists,29.0,34.0,37.25
Brandon Hagel,Points,51.75,57.0,62.0
Anthony Cirelli,Goals,17.0,19.5,22.0
Anthony Cirelli,Assists,26.0,29.5,32.25
Anthony Cirelli,Points,45.0,49.0,53.0
Nicholas Paul,Goals,19.0,22.0,25.0
Nicholas Paul,Assists,14.0,17.0,19.0
Nicholas Paul,Points,35.0,40.0,44.25
Conor Sheary,Goals,10.0,11.0,13.0
Conor Sheary,Assists,22.0,24.0,26.0
Conor Sheary,Points,32.0,35.0,39.0
Mikey Eyssimont,Goals,5.0,8.0,10.0
Mikey Eyssimont,Assists,15.0,17.0,20.0
Mikey Eyssimont,Points,22.0,25.0,29.0
Cam Atkinson,Goals,6.0,7.0,10.0
Cam Atkinson,Assists,16.0,19.0,22.0
Cam Atkinson,Points,23.0,26.0,30.0
Zemgus Girgensons,Goals,7.0,9.0,11.0
Zemgus Girgensons,Assists,5.0,6.0,8.0
Zemgus Girgensons,Points,13.0,15.5,18.0
Luke Glendening,Goals,5.0,7.0,9.0
Luke Glendening,Assists,4.0,5.0,7.0
Luke Glendening,Points,10.0,12.0,15.0
Mitchell Chaffee,Goals,8.75,10.0,12.0
Mitchell Chaffee,Assists,5.0,6.0,8.0
Mitchell Chaffee,Points,14.75,17.0,19.0
Victor Hedman,Goals,14.0,16.0,19.0
Victor Hedman,Assists,35.0,42.0,47.0
Victor Hedman,Points,51.75,58.0,63.0
Erik Cernak,Goals,3.0,4.0,6.0
Erik Cernak,Assists,17.0,20.0,23.0
Erik Cernak,Points,21.75,25.0,28.0
Ryan McDonagh,Goals,1.0,1.0,3.0
Ryan McDonagh,Assists,18.0,22.0,24.0
Ryan McDonagh,Points,19.0,23.0,26.0
Darren Raddysh,Goals,1.0,3.0,4.0
Darren Raddysh,Assists,10.0,12.0,14.0
Darren Raddysh,Points,12.0,15.0,17.25
JJ Moser,Goals,0.75,1.0,2.0
JJ Moser,Assists,11.0,13.0,16.0
JJ Moser,Points,12.0,14.0,18.0
Nick Perbix,Goals,0.0,1.0,2.0
Nick Perbix,Assists,10.0,13.0,16.0
Nick Perbix,Points,11.75,14.0,17.0
Auston Matthews,Goals,45.0,48.5,54.0
Auston Matthews,Assists,34.0,39.0,42.25
Auston Matthews,Points,82.0,88.0,95.0
William Nylander,Goals,30.0,34.0,38.25
William Nylander,Assists,34.0,37.0,42.0
William Nylander,Points,66.0,72.5,79.0
Mitch Marner,Goals,30.0,34.0,37.0
Mitch Marner,Assists,45.0,50.0,54.0
Mitch Marner,Points,77.0,85.0,90.0
John Tavares,Goals,18.0,20.0,23.25
John Tavares,Assists,25.0,28.0,32.0
John Tavares,Points,44.0,49.0,54.0
Matthew Knies,Goals,17.0,20.0,23.0
Matthew Knies,Assists,25.0,29.0,32.0
Matthew Knies,Points,44.0,49.0,54.25
Max Domi,Goals,11.0,13.0,16.0
Max Domi,Assists,37.0,42.0,45.0
Max Domi,Points,49.0,56.0,59.0
Nicholas Robertson,Goals,13.0,15.0,18.25
Nicholas Robertson,Assists,19.0,21.5,24.0
Nicholas Robertson,Points,33.0,37.5,40.0
Max Pacioretty,Goals,10.0,12.0,14.0
Max Pacioretty,Assists,17.0,20.0,23.0
Max Pacioretty,Points,29.0,32.5,35.0
Pontus Holmberg,Goals,10.0,12.0,15.0
Pontus Holmberg,Assists,18.75,22.0,26.0
Pontus Holmberg,Points,29.0,34.0,39.0
David Kampf,Goals,6.0,8.0,10.0
David Kampf,Assists,6.0,8.5,9.25
David Kampf,Points,13.0,16.0,18.0
Connor Dewar,Goals,5.0,7.0,9.0
Connor Dewar,Assists,7.0,10.0,12.0
Connor Dewar,Points,14.0,17.0,19.0
Bobby McMann,Goals,8.0,10.0,12.0
Bobby McMann,Assists,6.0,8.0,10.0
Bobby McMann,Points,16.0,18.5,21.0
Ryan Reaves,Goals,0.0,1.0,1.0
Ryan Reaves,Assists,1.0,1.0,2.0
Ryan Reaves,Points,1.0,2.0,3.0
Steven Lorentz,Goals,0.0,0.0,1.0
Steven Lorentz,Assists,0.75,1.0,2.0
Steven Lorentz,Points,1.0,2.0,3.0
Calle Jarnkrok,Goals,1.0,1.0,2.0
Calle Jarnkrok,Assists,1.0,2.5,3.0
Calle Jarnkrok,Points,3.0,4.0,5.0
Morgan Rielly,Goals,7.75,10.0,12.0
Morgan Rielly,Assists,38.0,43.0,46.0
Morgan Rielly,Points,46.0,52.5,57.0
Chris Tanev,Goals,4.0,5.0,7.0
Chris Tanev,Assists,18.0,20.0,23.25
Chris Tanev,Points,22.0,26.0,29.0
Oliver Ekman-Larsson,Goals,2.0,3.0,4.0
Oliver Ekman-Larsson,Assists,15.0,18.0,21.0
Oliver Ekman-Larsson,Points,18.0,21.0,24.0
Jake McCabe,Goals,2.0,2.0,3.25
Jake McCabe,Assists,16.0,19.0,22.0
Jake McCabe,Points,18.75,22.0,25.0
Simon Benoit,Goals,0.0,1.0,1.0
Simon Benoit,Assists,3.0,4.0,5.0
Simon Benoit,Points,3.0,5.0,6.0
Timothy Liljgren,Goals,0.0,1.0,2.0
Timothy Liljgren,Assists,7.0,8.0,11.0
Timothy Liljgren,Points,7.0,10.0,12.0
Conor Timmins,Goals,0.0,1.0,2.0
Conor Timmins,Assists,2.0,3.0,4.0
Conor Timmins,Points,3.0,4.0,6.0
Sebastian Aho,Goals,2.0,19.5,45.0
Sebastian Aho,Assists,8.0,23.0,44.0
Sebastian Aho,Points,10.0,44.0,90.0
Andrei Svechnikov,Goals,28.0,32.0,35.0
Andrei Svechnikov,Assists,40.0,44.0,47.0
Andrei Svechnikov,Points,70.0,77.0,81.25
Seth Jarvis,Goals,33.0,37.0,42.0
Seth Jarvis,Assists,30.0,33.0,37.0
Seth Jarvis,Points,66.75,71.5,77.0
Jesperi Kotkaniemi,Goals,20.0,23.0,27.0
Jesperi Kotkaniemi,Assists,20.0,23.0,26.0
Jesperi Kotkaniemi,Points,41.75,47.0,50.0
Martin Necas,Goals,25.75,28.0,32.0
Martin Necas,Assists,29.0,33.0,36.0
Martin Necas,Points,56.0,60.0,67.0
Jesper Fast,Goals,11.75,14.5,18.0
Jesper Fast,Assists,23.0,26.0,29.0
Jesper Fast,Points,36.0,40.0,46.0
Jack Drury,Goals,4.0,6.0,8.0
Jack Drury,Assists,19.0,22.0,26.0
Jack Drury,Points,25.0,28.5,32.0
Jordan Staal,Goals,8.0,9.0,11.0
Jordan Staal,Assists,12.0,14.0,17.0
Jordan Staal,Points,21.0,24.0,27.0
Jack Roslovic,Goals,10.75,12.0,14.0
Jack Roslovic,Assists,23.75,27.0,32.0
Jack Roslovic,Points,35.75,40.0,44.0
Tyson Jost,Goals,6.0,8.0,10.0
Tyson Jost,Assists,9.0,12.0,13.25
Tyson Jost,Points,17.0,19.5,22.0
William Carrier,Goals,6.0,7.5,10.0
William Carrier,Assists,9.0,12.0,14.0
William Carrier,Points,17.0,19.5,22.0
Jordan Martinook,Goals,6.0,8.0,10.0
Jordan Martinook,Assists,15.0,18.0,20.0
Jordan Martinook,Points,22.0,26.0,29.25
Brendan Lemieux,Goals,1.0,1.0,2.0
Brendan Lemieux,Assists,2.0,3.0,4.25
Brendan Lemieux,Points,3.0,4.0,6.0
Eric Robinson,Goals,0.0,0.0,1.0
Eric Robinson,Assists,2.0,3.0,4.0
Eric Robinson,Points,2.0,4.0,5.0
Ryan Suzuki,Goals,0.0,1.0,2.0
Ryan Suzuki,Assists,1.0,2.0,4.0
Ryan Suzuki,Points,2.0,3.0,5.0
Jaccob Slavin,Goals,3.0,5.0,7.0
Jaccob Slavin,Assists,25.0,28.0,31.0
Jaccob Slavin,Points,30.0,33.0,37.0
Brent Burns,Goals,9.75,12.0,14.0
Brent Burns,Assists,24.0,27.0,32.0
Brent Burns,Points,36.0,39.5,43.0
Sean Walker,Goals,2.0,4.0,5.0
Sean Walker,Assists,17.0,21.0,25.0
Sean Walker,Points,21.0,25.0,28.25
Dimitry Orlov,Goals,2.0,4.0,5.0
Dimitry Orlov,Assists,13.0,16.0,19.0
Dimitry Orlov,Points,17.0,20.0,22.25
Shayne Gostisbehere,Goals,1.0,2.5,3.0
Shayne Gostisbehere,Assists,13.75,16.0,18.0
Shayne Gostisbehere,Points,15.0,18.0,21.0
Jalen Chatfield,Goals,1.0,2.0,3.0
Jalen Chatfield,Assists,8.0,9.0,11.25
Jalen Chatfield,Points,9.0,12.0,13.0
Boone Jenner,Goals,25.0,28.0,32.0
Boone Jenner,Assists,18.0,22.0,24.0
Boone Jenner,Points,45.0,49.0,55.0
Kirill Marchenko,Goals,24.0,28.0,32.0
Kirill Marchenko,Assists,15.0,19.0,22.0
Kirill Marchenko,Points,43.0,46.5,51.25
Sean Monahan,Goals,22.0,26.0,30.0
Sean Monahan,Assists,36.0,40.0,42.0
Sean Monahan,Points,60.0,64.5,69.25
Adam Fantilli,Goals,18.0,21.0,24.0
Adam Fantilli,Assists,26.0,29.0,32.25
Adam Fantilli,Points,45.75,50.0,55.0
Kent Johnson,Goals,16.0,19.0,21.0
Kent Johnson,Assists,25.75,29.0,34.0
Kent Johnson,Points,44.0,48.0,53.0
Yegor Chinakhov,Goals,18.0,21.5,24.0
Yegor Chinakhov,Assists,13.0,15.0,18.0
Yegor Chinakhov,Points,33.75,37.0,40.25
Cole Sillinger,Goals,3.0,5.0,7.0
Cole Sillinger,Assists,14.0,17.0,20.0
Cole Sillinger,Points,19.0,22.0,25.0
James van Riemsdyk,Goals,5.0,6.0,9.0
James van Riemsdyk,Assists,23.0,26.0,29.0
James van Riemsdyk,Points,29.0,32.0,37.0
Dimitri Voronkov,Goals,10.0,11.0,14.0
Dimitri Voronkov,Assists,21.0,25.0,27.25
Dimitri Voronkov,Points,32.0,36.0,40.0
Sean Kuraly,Goals,7.0,9.0,11.0
Sean Kuraly,Assists,7.0,9.0,11.0
Sean Kuraly,Points,15.0,19.0,21.0
Mathieu Olivier,Goals,4.0,6.0,8.0
Mathieu Olivier,Assists,7.0,9.0,11.0
Mathieu Olivier,Points,13.0,15.0,17.0
Justin Danforth,Goals,6.0,8.0,9.25
Justin Danforth,Assists,7.0,10.0,12.0
Justin Danforth,Points,15.0,18.0,20.25
Gavin Brindley,Goals,0.0,1.0,1.0
Gavin Brindley,Assists,1.0,2.0,3.0
Gavin Brindley,Points,1.0,2.0,4.0
Zach Werenski,Goals,12.0,14.0,17.0
Zach Werenski,Assists,37.0,40.5,45.0
Zach Werenski,Points,50.0,55.0,61.0
Ivan Provorov,Goals,4.75,6.0,8.0
Ivan Provorov,Assists,12.0,14.0,17.0
Ivan Provorov,Points,18.0,21.0,23.0
Jordan Harris,Goals,2.0,3.0,4.0
Jordan Harris,Assists,18.75,20.0,24.0
Jordan Harris,Points,21.0,23.0,27.0
Damon Severson,Goals,2.0,3.0,4.0
Damon Severson,Assists,17.0,21.0,24.25
Damon Severson,Points,20.0,24.0,28.0
Erik Gudbranson,Goals,0.0,1.0,2.0
Erik Gudbranson,Assists,5.0,7.0,9.0
Erik Gudbranson,Points,7.0,8.5,10.0
Jack Johnson,Goals,0.0,1.0,1.0
Jack Johnson,Assists,6.0,8.0,10.0
Jack Johnson,Points,6.0,9.0,10.0
Travis Konecny,Goals,30.0,33.5,37.0
Travis Konecny,Assists,39.0,41.0,46.0
Travis Konecny,Points,70.0,75.0,80.0
Owen Tippett,Goals,29.0,32.5,38.0
Owen Tippett,Assists,33.0,37.0,42.0
Owen Tippett,Points,65.0,70.0,77.0
Tyson Foerster,Goals,24.0,27.0,31.0
Tyson Foerster,Assists,13.0,15.0,19.0
Tyson Foerster,Points,38.75,43.0,48.0
Matvei Michkov,Goals,22.0,25.0,28.0
Matvei Michkov,Assists,23.0,26.0,31.0
Matvei Michkov,Points,48.0,51.5,57.0
Sean Couturier,Goals,7.0,9.0,11.0
Sean Couturier,Assists,25.0,28.5,33.0
Sean Couturier,Points,33.75,38.0,41.25
Joel Farabee,Goals,21.0,24.0,27.25
Joel Farabee,Assists,28.75,31.5,35.0
Joel Farabee,Points,51.0,55.0,60.0
Scott Laughton,Goals,9.0,10.0,12.0
Scott Laughton,Assists,12.0,14.0,17.0
Scott Laughton,Points,21.0,25.0,29.0
Morgan Frost,Goals,6.0,8.5,10.0
Morgan Frost,Assists,23.0,26.0,29.0
Morgan Frost,Points,30.0,35.0,38.25
Noah Cates,Goals,7.0,9.0,11.0
Noah Cates,Assists,14.0,17.0,20.0
Noah Cates,Points,23.0,26.0,29.0
Garnet Hathaway,Goals,7.0,8.0,11.0
Garnet Hathaway,Assists,7.0,10.0,11.0
Garnet Hathaway,Points,15.0,19.0,22.0
Ryan Poehling,Goals,7.0,9.0,10.25
Ryan Poehling,Assists,12.0,15.0,18.0
Ryan Poehling,Points,20.0,24.0,28.0
Bobby Brink,Goals,8.0,9.5,12.0
Bobby Brink,Assists,13.0,15.5,18.25
Bobby Brink,Points,22.0,25.0,29.0
Nicolas Deslauriers,Goals,0.0,1.0,1.0
Nicolas Deslauriers,Assists,0.0,1.0,2.0
Nicolas Deslauriers,Points,1.0,2.0,3.0
Travis Sanheim,Goals,8.75,11.0,14.0
Travis Sanheim,Assists,30.0,33.5,37.0
Travis Sanheim,Points,40.0,45.0,49.0
Cam York,Goals,5.75,7.0,10.0
Cam York,Assists,18.0,20.5,25.0
Cam York,Points,25.0,29.0,33.0
Nick Seeler,Goals,1.0,2.0,3.0
Nick Seeler,Assists,15.0,17.0,21.0
Nick Seeler,Points,16.75,20.0,23.0
Jamie Drysdale,Goals,1.0,2.0,3.0
Jamie Drysdale,Assists,11.0,14.0,16.0
Jamie Drysdale,Points,13.0,16.5,18.0
Erik Johnson,Goals,0.0,1.0,2.0
Erik Johnson,Assists,5.0,8.0,10.0
Erik Johnson,Points,7.0,9.0,11.0
Rasmus Ristolainen,Goals,0.0,0.0,1.0
Rasmus Ristolainen,Assists,6.0,8.0,10.0
Rasmus Ristolainen,Points,6.0,8.5,11.0
Sidney Crosby,Goals,35.0,40.0,44.0
Sidney Crosby,Assists,45.0,50.0,55.0
Sidney Crosby,Points,82.0,90.0,96.0
Evgeni Malkin,Goals,33.75,40.0,44.0
Evgeni Malkin,Assists,40.0,43.0,47.0
Evgeni Malkin,Points,77.0,82.0,90.0
Bryan Rust,Goals,29.0,32.0,35.0
Bryan Rust,Assists,29.0,33.0,36.0
Bryan Rust,Points,60.75,65.0,70.0
Rickard Rakell,Goals,14.0,18.0,21.0
Rickard Rakell,Assists,16.0,19.0,22.0
Rickard Rakell,Points,33.0,37.0,41.25
Michael Bunting,Goals,17.0,21.0,25.0
Michael Bunting,Assists,32.0,37.5,42.0
Michael Bunting,Points,52.0,58.0,64.0
Drew O'Connor,Goals,13.0,16.0,19.0
Drew O'Connor,Assists,21.0,24.0,27.0
Drew O'Connor,Points,36.0,40.0,45.0
Lars Eller,Goals,9.0,13.0,15.0
Lars Eller,Assists,13.0,15.0,18.0
Lars Eller,Points,25.0,28.5,32.0
Kevin Hayes,Goals,12.0,16.0,19.0
Kevin Hayes,Assists,21.0,23.0,26.0
Kevin Hayes,Points,35.0,39.0,44.0
Cody Glass,Goals,5.0,6.0,8.0
Cody Glass,Assists,11.0,14.0,16.0
Cody Glass,Points,17.0,20.0,22.0
Noel Acciari,Goals,6.0,8.0,10.0
Noel Acciari,Assists,5.0,7.0,8.25
Noel Acciari,Points,12.0,15.0,17.25
Blake Lizotte,Goals,7.0,10.0,12.0
Blake Lizotte,Assists,14.75,17.0,19.0
Blake Lizotte,Points,24.0,27.0,31.0
Anthony Beauvilier,Goals,3.75,5.0,7.0
Anthony Beauvilier,Assists,11.0,13.0,15.0
Anthony Beauvilier,Points,16.0,18.0,21.0
Jesse Puljujarvi,Goals,0.0,0.5,1.0
Jesse Puljujarvi,Assists,1.0,2.0,3.0
Jesse Puljujarvi,Points,1.0,3.0,4.0
Erik Karlsson,Goals,16.75,18.0,21.0
Erik Karlsson,Assists,43.0,49.0,54.0
Erik Karlsson,Points,61.75,68.0,74.0
Kris Letang,Goals,9.0,11.0,13.0
Kris Letang,Assists,22.0,25.0,29.0
Kris Letang,Points,31.75,36.0,40.0
Marcus Pettersson,Goals,0.0,1.0,2.0
Marcus Pettersson,Assists,21.0,25.0,28.0
Marcus Pettersson,Points,22.0,26.0,29.0
Ryan Graves,Goals,2.0,3.0,4.0
Ryan Graves,Assists,11.0,14.0,17.0
Ryan Graves,Points,14.0,17.0,20.0
Matt Grzelyck,Goals,1.0,2.0,2.0
Matt Grzelyck,Assists,12.0,14.0,16.0
Matt Grzelyck,Points,13.0,15.0,17.25
Jack Hughes,Goals,36.75,42.0,47.0
Jack Hughes,Assists,37.75,42.0,46.25
Jack Hughes,Points,77.0,83.0,89.25
Nico Hischier,Goals,27.0,32.0,36.0
Nico Hischier,Assists,47.0,52.0,56.25
Nico Hischier,Points,78.0,84.0,90.0
Jesper Bratt,Goals,31.0,36.0,40.0
Jesper Bratt,Assists,47.0,52.0,57.0
Jesper Bratt,Points,81.0,87.5,93.0
Timo Meier,Goals,27.0,31.0,34.0
Timo Meier,Assists,24.0,29.0,33.0
Timo Meier,Points,54.0,60.0,66.0
Dawson Mercer,Goals,23.0,27.0,30.0
Dawson Mercer,Assists,25.0,29.0,32.0
Dawson Mercer,Points,49.0,56.0,61.25
Erik Haula,Goals,15.75,18.5,21.25
Erik Haula,Assists,30.0,34.0,38.0
Erik Haula,Points,48.0,53.0,58.0
Ondrej Palat,Goals,12.0,14.0,17.0
Ondrej Palat,Assists,24.0,27.0,31.0
Ondrej Palat,Points,36.0,41.0,46.25
Tomas Tatar,Goals,12.0,16.0,18.0
Tomas Tatar,Assists,14.75,18.0,21.0
Tomas Tatar,Points,29.0,34.0,37.0
Stefan Noesen,Goals,4.0,6.0,7.0
Stefan Noesen,Assists,23.75,27.0,31.0
Stefan Noesen,Points,28.0,33.0,37.0
Curtis Lazar,Goals,5.0,7.0,10.0
Curtis Lazar,Assists,9.0,11.0,13.0
Curtis Lazar,Points,15.0,18.0,21.0
Nathan Bastian,Goals,5.75,7.0,9.0
Nathan Bastian,Assists,7.0,9.5,11.0
Nathan Bastian,Points,14.0,17.0,19.0
Paul Cotter,Goals,6.0,8.0,11.0
Paul Cotter,Assists,8.0,10.0,12.0
Paul Cotter,Points,16.0,18.5,22.0
Dougie Hamilton,Goals,10.0,12.0,15.0
Dougie Hamilton,Assists,25.0,28.0,31.25
Dougie Hamilton,Points,36.0,40.0,44.25
Jonas Siegenthaler,Goals,3.0,4.0,6.0
Jonas Siegenthaler,Assists,13.0,15.0,17.0
Jonas Siegenthaler,Points,16.75,19.0,22.0
Brett Pesce,Goals,2.0,3.0,4.0
Brett Pesce,Assists,13.0,16.0,19.0
Brett Pesce,Points,16.0,19.0,21.0
Brenden Dillon,Goals,1.75,3.0,3.25
Brenden Dillon,Assists,13.75,16.0,19.0
Brenden Dillon,Points,16.0,19.0,22.0
Johnathan Kovacevic,Goals,1.0,2.0,3.0
Johnathan Kovacevic,Assists,8.0,10.0,12.0
Johnathan Kovacevic,Points,10.0,11.5,14.0
Simon Nemec,Goals,0.0,0.0,1.0
Simon Nemec,Assists,14.0,17.0,20.0
Simon Nemec,Points,14.0,18.0,20.0
Luke Hughes,Goals,1.0,1.0,3.0
Luke Hughes,Assists,1.0,2.0,3.0
Luke Hughes,Points,3.0,4.0,5.0
Kurtis MacDermid,Goals,0.0,1.0,2.0
Kurtis MacDermid,Assists,1.0,3.0,4.0
Kurtis MacDermid,Points,2.0,4.0,5.0
Nick DeSimone,Goals,1.0,1.0,2.0
Nick DeSimone,Assists,0.75,1.0,2.0
Nick DeSimone,Points,2.0,3.0,4.0
Mat Barzal,Goals,21.0,23.0,27.0
Mat Barzal,Assists,44.75,50.0,54.0
Mat Barzal,Points,67.0,73.0,79.0
Bo Horvat,Goals,29.75,33.0,36.25
Bo Horvat,Assists,31.0,35.0,40.0
Bo Horvat,Points,62.0,67.0,74.0
Brock Nelson,Goals,34.0,37.5,42.0
Brock Nelson,Assists,30.0,33.0,39.0
Brock Nelson,Points,66.0,72.0,76.25
Kyle Palmieri,Goals,17.0,20.5,23.0
Kyle Palmieri,Assists,24.0,26.0,28.0
Kyle Palmieri,Points,42.0,46.5,52.25
Anthony Duclair,Goals,21.0,24.0,27.0
Anthony Duclair,Assists,29.75,34.0,37.0
Anthony Duclair,Points,53.0,58.0,62.0
Maxim Tsyplakov,Goals,13.0,17.0,20.0
Maxim Tsyplakov,Assists,21.0,23.0,27.0
Maxim Tsyplakov,Points,37.0,40.5,44.0
Anders Lee,Goals,10.0,12.0,14.0
Anders Lee,Assists,8.0,10.0,12.25
Anders Lee,Points,20.0,22.0,25.0
JG Pageau,Goals,6.0,8.0,10.0
JG Pageau,Assists,20.0,23.0,26.0
JG Pageau,Points,27.0,30.0,35.0
Simon Holmstrom,Goals,12.0,14.0,18.0
Simon Holmstrom,Assists,9.0,11.0,13.0
Simon Holmstrom,Points,23.0,26.0,29.25
Casey Cizikas,Goals,5.0,6.0,8.0
Casey Cizikas,Assists,6.75,8.0,10.0
Casey Cizikas,Points,13.0,15.0,18.0
Kyle MacLean,Goals,7.0,9.0,11.0
Kyle MacLean,Assists,10.0,12.5,15.0
Kyle MacLean,Points,19.0,22.0,24.0
Oliver Wahlstrom,Goals,5.0,6.0,8.0
Oliver Wahlstrom,Assists,6.0,8.0,10.25
Oliver Wahlstrom,Points,13.0,15.0,18.0
Hudson Fasching,Goals,0.0,1.0,1.0
Hudson Fasching,Assists,2.0,3.0,4.0
Hudson Fasching,Points,3.0,4.0,5.0
Julien Gauthier,Goals,0.0,1.0,2.0
Julien Gauthier,Assists,1.0,1.0,2.0
Julien Gauthier,Points,1.0,2.0,4.0
Pierre Engvall,Goals,0.0,1.0,2.0
Pierre Engvall,Assists,2.0,3.0,4.0
Pierre Engvall,Points,3.0,4.0,5.0
Noah Dobson,Goals,6.0,7.0,9.0
Noah Dobson,Assists,26.0,30.0,35.0
Noah Dobson,Points,32.0,37.5,42.25
Ryan Pulock,Goals,3.0,5.0,6.0
Ryan Pulock,Assists,13.75,16.0,19.0
Ryan Pulock,Points,18.0,21.0,25.0
Adam Pelech,Goals,1.0,2.0,2.0
Adam Pelech,Assists,16.0,19.0,23.0
Adam Pelech,Points,18.0,21.0,25.0
Alexander Romanov,Goals,2.0,2.0,3.25
Alexander Romanov,Assists,14.0,16.0,19.0
Alexander Romanov,Points,16.0,19.0,22.0
Scott Mayfield,Goals,0.0,1.0,1.0
Scott Mayfield,Assists,8.0,10.0,13.0
Scott Mayfield,Points,9.0,11.0,13.0
Mike Reilly,Goals,0.0,1.0,1.0
Mike Reilly,Assists,11.0,13.0,16.0
Mike Reilly,Points,12.0,14.0,17.0
Samuel Bolduc,Goals,1.0,1.0,2.0
Samuel Bolduc,Assists,0.0,1.0,2.0
Samuel Bolduc,Points,2.0,2.0,4.0
Artemi Panarin,Goals,35.0,40.0,44.0
Artemi Panarin,Assists,37.0,40.0,44.0
Artemi Panarin,Points,72.75,80.5,85.0
Mika Zibanejad,Goals,27.75,31.5,35.0
Mika Zibanejad,Assists,37.0,40.5,44.0
Mika Zibanejad,Points,67.0,72.0,77.0
Vincent Trocheck,Goals,20.0,23.0,26.0
Vincent Trocheck,Assists,44.0,49.0,54.0
Vincent Trocheck,Points,66.0,73.0,77.25
Chris Kreider,Goals,20.75,24.0,27.0
Chris Kreider,Assists,17.0,21.0,23.25
Chris Kreider,Points,40.0,43.5,49.25
Filip Chytil,Goals,16.0,18.0,21.0
Filip Chytil,Assists,22.0,26.5,30.0
Filip Chytil,Points,40.0,45.5,49.0
Alexis Lafreniere,Goals,18.75,21.0,24.25
Alexis Lafreniere,Assists,23.0,26.0,31.0
Alexis Lafreniere,Points,43.0,48.0,52.25
Kaapo Kakko,Goals,11.0,13.0,16.0
Kaapo Kakko,Assists,14.0,16.0,20.0
Kaapo Kakko,Points,26.75,30.0,33.0
Reilly Smith,Goals,8.0,11.0,13.0
Reilly Smith,Assists,23.0,26.0,29.0
Reilly Smith,Points,32.0,37.0,41.0
Will Cuylle,Goals,9.0,11.0,14.0
Will Cuylle,Assists,7.0,9.0,11.0
Will Cuylle,Points,18.0,20.0,24.0
Matt Rempe,Goals,3.0,3.5,5.0
Matt Rempe,Assists,4.0,6.0,7.0
Matt Rempe,Points,8.0,9.0,11.25
Jimmy Vesey,Goals,4.0,6.0,7.0
Jimmy Vesey,Assists,8.0,9.0,12.0
Jimmy Vesey,Points,13.0,15.0,17.25
Sam Carrick,Goals,5.75,7.0,9.0
Sam Carrick,Assists,6.0,8.0,10.0
Sam Carrick,Points,13.0,15.5,18.0
Adam Edstrom,Goals,0.0,1.0,1.0
Adam Edstrom,Assists,1.0,2.0,3.0
Adam Edstrom,Points,2.0,3.0,4.25
Adam Fox,Goals,16.0,19.0,21.0
Adam Fox,Assists,36.75,40.0,46.0
Adam Fox,Points,54.75,59.0,65.25
K'Andre Miller,Goals,5.0,6.0,8.0
K'Andre Miller,Assists,15.75,18.0,21.25
K'Andre Miller,Points,22.0,24.0,28.0
Ryan Lindgren,Goals,0.0,0.0,1.0
Ryan Lindgren,Assists,17.0,19.5,22.0
Ryan Lindgren,Points,17.0,21.0,23.0
Jacob Trouba,Goals,1.0,1.0,2.0
Jacob Trouba,Assists,17.0,20.5,24.0
Jacob Trouba,Points,19.0,22.0,25.0
Zachary Jones,Goals,0.0,1.0,2.0
Zachary Jones,Assists,6.0,9.0,11.0
Zachary Jones,Points,7.0,10.0,12.0
Braden Schneider,Goals,0.0,1.0,2.0
Braden Schneider,Assists,7.0,9.0,11.0
Braden Schneider,Points,8.0,11.0,12.0
Chad Ruhwedel,Goals,0.0,1.0,1.0
Chad Ruhwedel,Assists,0.0,1.0,2.0
Chad Ruhwedel,Points,1.0,2.0,3.0
Alexander Ovechkin,Goals,35.0,38.0,42.0
Alexander Ovechkin,Assists,29.0,32.0,36.0
Alexander Ovechkin,Points,65.0,71.5,77.0
Tom Wilson,Goals,22.0,25.0,29.0
Tom Wilson,Assists,22.0,24.0,27.0
Tom Wilson,Points,45.0,49.0,53.0
Dylan Strome,Goals,27.0,31.0,34.0
Dylan Strome,Assists,35.0,39.5,44.0
Dylan Strome,Points,64.0,70.0,76.0
Pierre-Luc Dubois,Goals,10.0,12.0,14.0
Pierre-Luc Dubois,Assists,27.0,31.0,35.0
Pierre-Luc Dubois,Points,40.0,43.5,48.0
Andrew Mangiapane,Goals,15.0,18.0,21.0
Andrew Mangiapane,Assists,29.0,33.0,38.0
Andrew Mangiapane,Points,46.75,52.0,56.0
Connor McMichael,Goals,15.0,18.0,21.25
Connor McMichael,Assists,24.0,27.0,30.25
Connor McMichael,Points,41.0,45.0,50.0
Sonny Milano,Goals,12.0,14.0,16.0
Sonny Milano,Assists,20.0,22.0,25.0
Sonny Milano,Points,33.0,37.0,40.0
Hendrix Lapierre,Goals,13.0,15.0,19.0
Hendrix Lapierre,Assists,11.0,13.0,15.0
Hendrix Lapierre,Points,25.0,28.5,32.0
Taylor Raddysh,Goals,6.0,8.0,10.0
Taylor Raddysh,Assists,8.0,10.0,12.0
Taylor Raddysh,Points,15.0,18.0,21.0
Nic Dowd,Goals,9.75,13.0,15.25
Nic Dowd,Assists,11.75,14.0,16.25
Nic Dowd,Points,23.0,27.0,30.0
Aliaksi Protas,Goals,3.0,5.0,6.0
Aliaksi Protas,Assists,13.0,16.0,19.0
Aliaksi Protas,Points,18.0,21.0,23.25
Brandon Duhaime,Goals,5.0,7.0,9.0
Brandon Duhaime,Assists,9.0,11.0,13.25
Brandon Duhaime,Points,16.0,18.5,21.0
TJ Oshie,Goals,0.0,1.0,2.0
TJ Oshie,Assists,1.0,2.0,3.0
TJ Oshie,Points,2.0,3.0,4.0
John Carlson,Goals,13.0,16.0,19.0
John Carlson,Assists,30.0,33.0,38.0
John Carlson,Points,45.0,50.0,56.0
Jakob Chychrun,Goals,6.75,8.5,11.0
Jakob Chychrun,Assists,19.0,23.0,26.25
Jakob Chychrun,Points,28.0,31.0,35.0
Matt Roy,Goals,1.0,2.0,3.0
Matt Roy,Assists,18.0,21.0,23.0
Matt Roy,Points,19.0,22.0,25.25
Rasmus Sandin,Goals,2.0,3.0,4.0
Rasmus Sandin,Assists,16.0,19.0,22.0
Rasmus Sandin,Points,19.0,22.0,25.0
Trevor Van Riemsdyk,Goals,0.0,1.0,1.0
Trevor Van Riemsdyk,Assists,9.0,11.0,13.25
Trevor Van Riemsdyk,Points,10.0,12.0,14.0
Martin Fehervary,Goals,0.75,1.0,2.0
Martin Fehervary,Assists,7.0,8.0,10.25
Martin Fehervary,Points,8.0,10.0,12.0
Ethan Bear,Goals,0.0,1.0,2.0
Ethan Bear,Assists,1.0,1.5,3.0
Ethan Bear,Points,2.0,3.0,4.0
Clayton Keller,Goals,34.0,39.0,42.0
Clayton Keller,Assists,35.0,38.0,44.0
Clayton Keller,Points,71.75,77.0,84.0
Barrett Hayton,Goals,8.75,11.0,12.0
Barrett Hayton,Assists,20.0,23.0,26.0
Barrett Hayton,Points,30.0,33.5,36.0
Nick Schmaltz,Goals,27.75,31.0,36.0
Nick Schmaltz,Assists,33.0,36.0,40.0
Nick Schmaltz,Points,63.75,69.0,74.0
Lawson Crouse,Goals,19.0,22.0,25.0
Lawson Crouse,Assists,22.0,27.0,30.0
Lawson Crouse,Points,45.0,48.0,53.25
Logan Cooley,Goals,18.0,21.0,25.0
Logan Cooley,Assists,25.0,28.0,31.0
Logan Cooley,Points,45.0,49.0,54.0
Dylan Guenther,Goals,21.75,24.0,28.0
Dylan Guenther,Assists,19.0,21.0,24.0
Dylan Guenther,Points,42.0,47.0,50.25
Mattias Maccelli,Goals,10.0,12.0,15.0
Mattias Maccelli,Assists,20.0,23.0,27.0
Mattias Maccelli,Points,32.0,36.0,40.0
Josh Doan,Goals,7.0,9.0,12.0
Josh Doan,Assists,14.0,17.0,20.0
Josh Doan,Points,23.75,26.0,31.0
Nick Bjugstad,Goals,13.75,16.0,19.0
Nick Bjugstad,Assists,13.75,16.0,19.0
Nick Bjugstad,Points,28.0,32.0,35.0
Alex Kerfoot,Goals,4.0,6.0,8.0
Alex Kerfoot,Assists,14.0,17.0,20.0
Alex Kerfoot,Points,20.0,23.0,26.0
Jack McBain,Goals,7.0,8.0,11.0
Jack McBain,Assists,14.0,16.5,20.0
Jack McBain,Points,22.0,25.0,28.25
Kevin Stenlund,Goals,5.0,7.0,9.0
Kevin Stenlund,Assists,6.0,8.0,10.0
Kevin Stenlund,Points,13.0,15.0,17.0
Michael Carcone,Goals,1.0,1.0,2.0
Michael Carcone,Assists,0.0,1.0,2.0
Michael Carcone,Points,1.0,3.0,4.0
Mikhail Sergachev,Goals,11.0,13.0,15.0
Mikhail Sergachev,Assists,30.0,33.5,37.0
Mikhail Sergachev,Points,42.0,47.0,51.0
Sean Durzi,Goals,5.0,7.0,9.0
Sean Durzi,Assists,17.0,21.0,24.0
Sean Durzi,Points,24.0,28.0,32.0
John Marino,Goals,0.75,1.0,2.0
John Marino,Assists,16.0,19.0,22.0
John Marino,Points,17.0,21.0,23.0
Juuso Valimaki,Goals,0.0,1.0,2.0
Juuso Valimaki,Assists,15.0,17.0,20.0
Juuso Valimaki,Points,17.0,18.0,21.0
Ian Cole,Goals,0.0,1.0,1.0
Ian Cole,Assists,7.0,9.0,11.0
Ian Cole,Points,8.0,10.0,12.0
Michael Kesselring,Goals,0.0,1.0,2.0
Michael Kesselring,Assists,9.0,12.0,14.0
Michael Kesselring,Points,10.0,13.0,15.0
Connor Bedard,Goals,26.0,29.0,32.0
Connor Bedard,Assists,32.0,36.0,40.0
Connor Bedard,Points,59.75,64.5,70.0
Tyler Bertuzzi,Goals,21.0,23.0,27.0
Tyler Bertuzzi,Assists,34.0,38.0,43.0
Tyler Bertuzzi,Points,57.0,61.5,66.0
Teuvo Teravainen,Goals,24.75,29.0,32.0
Teuvo Teravainen,Assists,30.0,33.5,38.0
Teuvo Teravainen,Points,56.0,61.5,68.25
Andreas Athanasiou,Goals,13.0,16.0,18.0
Andreas Athanasiou,Assists,20.0,23.5,27.0
Andreas Athanasiou,Points,34.0,40.0,44.0
Philip Kurashev,Goals,15.75,18.0,21.0
Philip Kurashev,Assists,12.75,16.0,18.0
Philip Kurashev,Points,30.0,33.0,38.0
Taylor Hall,Goals,15.0,18.0,21.0
Taylor Hall,Assists,22.0,26.0,29.0
Taylor Hall,Points,39.75,44.0,49.25
Jason Dickinson,Goals,11.0,12.5,16.0
Jason Dickinson,Assists,9.0,11.0,14.0
Jason Dickinson,Points,21.75,25.0,28.0
Nick Foligno,Goals,6.0,8.0,10.0
Nick Foligno,Assists,19.0,22.0,25.0
Nick Foligno,Points,27.0,30.0,34.0
Ilya Mikheyev,Goals,10.0,12.0,14.0
Ilya Mikheyev,Assists,21.0,25.0,28.25
Ilya Mikheyev,Points,33.0,37.0,41.0
Craig Smith,Goals,7.0,10.0,12.0
Craig Smith,Assists,7.0,9.0,11.25
Craig Smith,Points,15.75,18.0,22.25
Ryan Donato,Goals,7.0,9.0,12.0
Ryan Donato,Assists,12.0,15.0,17.0
Ryan Donato,Points,21.0,24.0,27.0
Lukas Reichel,Goals,4.0,5.0,7.0
Lukas Reichel,Assists,12.0,13.0,16.0
Lukas Reichel,Points,16.0,19.0,22.0
Joey Anderson,Goals,1.0,1.0,2.0
Joey Anderson,Assists,2.0,3.0,4.0
Joey Anderson,Points,3.0,5.0,6.0
Patrick Maroon,Goals,0.0,1.0,1.0
Patrick Maroon,Assists,1.75,2.5,4.0
Patrick Maroon,Points,2.0,3.0,4.0
Frank Nazar,Goals,0.0,1.0,2.0
Frank Nazar,Assists,2.0,3.0,4.0
Frank Nazar,Points,3.0,4.0,5.0
Nolan Slaggert,Goals,0.0,1.0,2.0
Nolan Slaggert,Assists,2.0,3.0,4.0
Nolan Slaggert,Points,3.0,4.0,5.0
Seth Jones,Goals,8.0,10.0,13.0
Seth Jones,Assists,26.0,30.0,33.0
Seth Jones,Points,35.75,39.0,43.0
Alex Vlassic,Goals,3.0,4.0,5.0
Alex Vlassic,Assists,12.0,14.0,16.0
Alex Vlassic,Points,16.0,19.0,21.0
Connor Murphy,Goals,2.0,3.0,4.0
Connor Murphy,Assists,6.0,8.0,10.25
Connor Murphy,Points,9.0,11.0,14.0
Kevin Korchinski,Goals,2.0,3.0,4.0
Kevin Korchinski,Assists,6.0,8.0,10.0
Kevin Korchinski,Points,9.0,11.0,13.0
Alec Martinez,Goals,0.0,1.0,2.0
Alec Martinez,Assists,6.0,7.0,8.25
Alec Martinez,Points,7.0,8.0,10.0
TJ Brodie,Goals,0.0,0.5,1.0
TJ Brodie,Assists,9.0,11.0,13.0
TJ Brodie,Points,9.0,11.5,14.0
Nathan MacKinnon,Goals,43.0,46.0,50.0
Nathan MacKinnon,Assists,47.75,51.5,57.0
Nathan MacKinnon,Points,94.0,100.0,105.0
Mikko Rantanen,Goals,40.0,44.0,48.0
Mikko Rantanen,Assists,33.75,38.0,41.0
Mikko Rantanen,Points,75.0,81.5,86.25
Jonathan Drouin,Goals,26.0,30.0,34.0
Jonathan Drouin,Assists,33.75,38.5,42.0
Jonathan Drouin,Points,61.0,70.0,75.0
Casey Mittelstadt,Goals,20.0,23.0,27.0
Casey Mittelstadt,Assists,32.75,36.0,41.0
Casey Mittelstadt,Points,55.0,60.0,67.0
Artturi Lehkonen,Goals,21.0,25.0,27.0
Artturi Lehkonen,Assists,29.75,33.0,37.0
Artturi Lehkonen,Points,53.0,58.0,63.0
Nikolai Kovalenko,Goals,18.0,20.5,23.0
Nikolai Kovalenko,Assists,25.0,28.5,32.0
Nikolai Kovalenko,Points,45.0,49.0,54.0
Ross Colton,Goals,10.0,13.0,15.0
Ross Colton,Assists,20.0,24.0,26.0
Ross Colton,Points,32.0,36.0,40.0
Miles Wood,Goals,4.0,5.0,7.0
Miles Wood,Assists,24.0,28.0,31.0
Miles Wood,Points,28.0,33.0,37.0
Logan O'Connor,Goals,9.75,11.0,14.0
Logan O'Connor,Assists,19.0,22.0,25.0
Logan O'Connor,Points,29.75,33.0,38.0
Parker Kelly,Goals,3.0,4.0,5.0
Parker Kelly,Assists,4.0,6.0,7.0
Parker Kelly,Points,8.0,10.0,12.0
Chris Wagner,Goals,5.0,6.0,8.0
Chris Wagner,Assists,6.0,9.0,11.0
Chris Wagner,Points,12.0,14.5,18.0
Joel Kiviranta,Goals,3.0,4.5,6.0
Joel Kiviranta,Assists,5.0,6.5,8.0
Joel Kiviranta,Points,9.0,11.0,14.0
Gabriel Landeskog,Goals,1.0,2.0,3.0
Gabriel Landeskog,Assists,2.0,4.0,5.0
Gabriel Landeskog,Points,4.0,5.0,7.0
Cale Makar,Goals,19.0,22.0,25.0
Cale Makar,Assists,35.0,38.0,41.0
Cale Makar,Points,55.0,61.0,65.0
Devon Toews,Goals,7.0,9.0,11.0
Devon Toews,Assists,24.0,27.0,30.0
Devon Toews,Points,33.0,36.0,40.0
Samuel Girard,Goals,2.0,3.0,4.0
Samuel Girard,Assists,18.0,20.0,23.25
Samuel Girard,Points,20.0,24.0,26.25
Josh Manson,Goals,2.0,3.0,4.0
Josh Manson,Assists,22.0,25.0,28.0
Josh Manson,Points,25.0,28.0,31.0
Oliver Kylington,Goals,1.0,1.0,2.0
Oliver Kylington,Assists,6.0,7.0,9.0
Oliver Kylington,Points,7.0,9.0,11.0
Calvin deHaan,Goals,0.0,1.0,2.0
Calvin deHaan,Assists,8.0,10.0,12.0
Calvin deHaan,Points,9.0,11.0,13.25
Keaton Middleton,Goals,0.0,1.0,1.0
Keaton Middleton,Assists,1.0,1.5,2.0
Keaton Middleton,Points,1.0,2.0,3.0
Jason Robertson,Goals,37.75,42.0,46.0
Jason Robertson,Assists,40.0,43.0,48.0
Jason Robertson,Points,79.0,85.5,92.0
Roope Hintz,Goals,36.0,40.0,43.0
Roope Hintz,Assists,37.0,41.0,47.0
Roope Hintz,Points,75.0,79.5,87.0
Wyatt Johnston,Goals,29.0,32.0,36.25
Wyatt Johnston,Assists,34.75,38.0,43.0
Wyatt Johnston,Points,64.75,71.5,77.0
Jamie Benn,Goals,20.0,22.0,25.0
Jamie Benn,Assists,30.0,34.0,38.0
Jamie Benn,Points,52.0,56.0,61.25
Tyler Seguin,Goals,20.0,24.0,27.0
Tyler Seguin,Assists,25.0,29.0,32.0
Tyler Seguin,Points,47.0,53.0,58.0
Matt Duchene,Goals,21.0,25.0,28.0
Matt Duchene,Assists,31.0,35.0,40.0
Matt Duchene,Points,55.0,61.0,66.0
Mason Marchment,Goals,13.0,15.0,17.25
Mason Marchment,Assists,23.0,27.0,31.0
Mason Marchment,Points,37.0,43.0,47.0
Evgeni Dadonov,Goals,11.0,13.0,16.0
Evgeni Dadonov,Assists,11.0,14.0,17.0
Evgeni Dadonov,Points,24.0,27.0,31.25
Logan Stankoven,Goals,8.0,10.0,12.0
Logan Stankoven,Assists,25.0,28.5,32.0
Logan Stankoven,Points,35.0,38.0,41.0
Sam Steel,Goals,5.0,7.0,9.0
Sam Steel,Assists,12.0,15.0,17.25
Sam Steel,Points,19.0,22.0,25.0
Colin Blackwell,Goals,5.0,6.0,8.0
Colin Blackwell,Assists,10.0,12.0,15.0
Colin Blackwell,Points,15.75,19.0,22.25
Mavrik Bourque,Goals,8.0,10.0,12.0
Mavrik Bourque,Assists,12.0,14.0,17.0
Mavrik Bourque,Points,21.0,24.0,28.0
Miro Heiskanen,Goals,8.0,10.0,12.0
Miro Heiskanen,Assists,31.0,36.0,39.25
Miro Heiskanen,Points,40.0,46.0,51.0
Esa Lindell,Goals,4.0,6.0,8.0
Esa Lindell,Assists,21.0,25.0,28.0
Esa Lindell,Points,27.0,31.0,35.0
Thomas Harley,Goals,2.0,4.0,5.0
Thomas Harley,Assists,18.0,20.0,21.0
Thomas Harley,Points,21.0,23.5,27.0
Ilya Lyubushkin,Goals,1.0,1.5,2.0
Ilya Lyubushkin,Assists,11.0,14.0,16.0
Ilya Lyubushkin,Points,12.0,15.5,18.0
Matt Dumba,Goals,0.0,1.0,1.0
Matt Dumba,Assists,5.0,8.0,9.0
Matt Dumba,Points,6.0,8.0,10.0
Nils Lundkvist,Goals,0.0,1.0,2.0
Nils Lundkvist,Assists,10.0,12.0,14.25
Nils Lundkvist,Points,11.0,13.0,15.0
Brendan Smith,Goals,0.0,1.0,2.0
Brendan Smith,Assists,0.0,1.0,2.0
Brendan Smith,Points,1.0,2.5,4.0
Kirill Kaprizov,Goals,39.0,43.0,47.0
Kirill Kaprizov,Assists,35.0,38.0,42.0
Kirill Kaprizov,Points,76.0,82.0,88.0
Matthew Boldy,Goals,26.0,29.0,33.0
Matthew Boldy,Assists,32.0,35.0,39.0
Matthew Boldy,Points,61.0,64.0,70.0
Joel Eriksson-Ek,Goals,12.0,15.0,18.0
Joel Eriksson-Ek,Assists,36.0,39.0,43.0
Joel Eriksson-Ek,Points,51.0,54.0,59.0
Mats Zuccarello,Goals,19.0,22.0,26.0
Mats Zuccarello,Assists,34.0,39.0,44.0
Mats Zuccarello,Points,56.75,61.0,67.0
Marcus Foligno,Goals,19.0,22.0,24.0
Marcus Foligno,Assists,23.0,26.0,29.0
Marcus Foligno,Points,43.0,47.0,51.25
Ryan Hartman,Goals,20.0,23.0,27.0
Ryan Hartman,Assists,26.0,30.0,36.0
Ryan Hartman,Points,48.0,55.0,60.0
Frederick Gaudreau,Goals,7.0,10.0,11.25
Frederick Gaudreau,Assists,10.0,12.0,15.0
Frederick Gaudreau,Points,19.75,22.0,25.0
Marcus Johansson,Goals,9.0,11.0,14.0
Marcus Johansson,Assists,13.0,16.0,19.0
Marcus Johansson,Points,24.0,28.0,31.0
Marco Rossi,Goals,11.0,13.0,15.25
Marco Rossi,Assists,11.0,13.0,16.0
Marco Rossi,Points,23.0,26.0,31.0
Marat Kushnutdinov,Goals,9.0,11.0,13.0
Marat Kushnutdinov,Assists,11.0,13.5,16.0
Marat Kushnutdinov,Points,21.0,24.0,28.0
Yakov Trenin,Goals,5.0,7.0,8.0
Yakov Trenin,Assists,5.0,7.0,9.0
Yakov Trenin,Points,11.0,13.0,16.0
Jakub Lauko,Goals,3.0,4.0,5.0
Jakub Lauko,Assists,11.0,13.0,16.0
Jakub Lauko,Points,15.0,17.5,21.0
Liam Ohgren,Goals,0.0,1.0,1.0
Liam Ohgren,Assists,1.0,2.0,3.0
Liam Ohgren,Points,2.0,3.0,4.0
Brock Faber,Goals,4.0,6.0,7.0
Brock Faber,Assists,24.0,28.0,31.25
Brock Faber,Points,30.0,33.0,38.0
Jonas Brodin,Goals,5.0,7.0,9.0
Jonas Brodin,Assists,11.0,14.0,17.0
Jonas Brodin,Points,18.0,22.0,25.0
Jared Spurgeon,Goals,1.0,2.0,4.0
Jared Spurgeon,Assists,15.0,18.0,22.0
Jared Spurgeon,Points,17.0,20.0,24.0
Jake Middleton,Goals,1.0,2.0,3.0
Jake Middleton,Assists,11.0,13.0,16.0
Jake Middleton,Points,13.0,15.0,17.0
Zach Bogosian,Goals,0.0,1.0,1.0
Zach Bogosian,Assists,9.0,11.0,13.0
Zach Bogosian,Points,9.75,12.0,14.0
Jon Merrill,Goals,0.0,1.0,2.0
Jon Merrill,Assists,7.0,10.0,11.0
Jon Merrill,Points,8.0,10.0,12.0
Filip Forsberg,Goals,36.0,41.0,45.0
Filip Forsberg,Assists,33.0,37.0,44.0
Filip Forsberg,Points,73.0,79.5,85.25
Ryan O'Reilly,Goals,24.75,29.0,32.25
Ryan O'Reilly,Assists,27.75,31.0,34.25
Ryan O'Reilly,Points,55.0,60.0,66.25
Jonathan Marchessault,Goals,30.0,34.0,38.0
Jonathan Marchessault,Assists,33.75,37.0,40.0
Jonathan Marchessault,Points,66.0,70.5,77.0
Gustav Nyquist,Goals,18.0,21.0,24.0
Gustav Nyquist,Assists,32.0,36.0,40.0
Gustav Nyquist,Points,54.0,57.0,63.25
Steven Stamkos,Goals,25.0,30.0,33.0
Steven Stamkos,Assists,32.0,35.0,39.0
Steven Stamkos,Points,60.0,64.0,69.0
Tommy Novak,Goals,21.0,24.0,27.0
Tommy Novak,Assists,26.0,31.0,35.25
Tommy Novak,Points,49.75,55.0,60.5
Colton Sissons,Goals,5.0,7.0,9.0
Colton Sissons,Assists,16.0,19.0,21.25
Colton Sissons,Points,22.0,26.0,29.25
Mark Jankowski,Goals,9.0,12.0,14.0
Mark Jankowski,Assists,8.0,10.0,12.0
Mark Jankowski,Points,18.75,21.5,24.0
Luke Evangelista,Goals,10.0,12.0,14.0
Luke Evangelista,Assists,27.0,30.0,34.0
Luke Evangelista,Points,38.0,42.0,46.25
Cole Smith,Goals,2.75,4.0,5.0
Cole Smith,Assists,10.0,12.0,15.0
Cole Smith,Points,14.0,16.5,20.0
Michael McCarron,Goals,6.0,8.0,10.0
Michael McCarron,Assists,7.0,9.0,12.0
Michael McCarron,Points,15.0,17.0,20.25
Phil Tomasino,Goals,6.0,7.0,9.0
Phil Tomasino,Assists,13.0,16.0,19.0
Phil Tomasino,Points,20.0,23.0,27.0
Juuso Parssinen,Goals,0.0,0.0,1.0
Juuso Parssinen,Assists,1.0,2.0,3.0
Juuso Parssinen,Points,1.0,2.0,3.0
Roman Josi,Goals,18.0,21.0,23.25
Roman Josi,Assists,43.0,47.0,51.0
Roman Josi,Points,62.75,68.0,74.25
Brady Skjei,Goals,6.0,8.0,11.0
Brady Skjei,Assists,21.0,24.0,28.0
Brady Skjei,Points,29.0,33.0,37.25
Dante Fabbro,Goals,0.0,1.0,2.0
Dante Fabbro,Assists,17.0,20.0,24.0
Dante Fabbro,Points,18.0,22.0,25.25
Alexandre Carrier,Goals,0.0,1.0,2.0
Alexandre Carrier,Assists,13.0,16.0,19.0
Alexandre Carrier,Points,14.0,17.0,20.0
Jeremy Lauzon,Goals,0.0,1.0,2.0
Jeremy Lauzon,Assists,4.0,5.0,7.0
Jeremy Lauzon,Points,5.0,6.0,8.0
Spencer Stastney,Goals,1.0,1.0,2.0
Spencer Stastney,Assists,8.0,9.0,11.25
Spencer Stastney,Points,9.0,11.0,13.25
Luke Schenn,Goals,0.0,1.0,1.0
Luke Schenn,Assists,2.0,3.0,4.0
Luke Schenn,Points,2.0,4.0,5.0
Robert Thomas,Goals,24.0,28.0,30.0
Robert Thomas,Assists,41.0,44.0,49.25
Robert Thomas,Points,66.75,72.0,77.0
Jordan Kyrou,Goals,29.75,34.0,37.0
Jordan Kyrou,Assists,31.0,36.0,40.0
Jordan Kyrou,Points,62.75,70.0,76.0
Pavel Buchnevich,Goals,27.0,30.0,32.25
Pavel Buchnevich,Assists,29.0,34.0,38.25
Pavel Buchnevich,Points,58.75,64.0,70.0
Brayden Schenn,Goals,17.0,19.0,22.0
Brayden Schenn,Assists,25.0,28.0,31.0
Brayden Schenn,Points,44.0,48.0,51.0
Jake Neighbours,Goals,18.0,21.0,24.0
Jake Neighbours,Assists,8.0,10.0,12.25
Jake Neighbours,Points,28.0,32.0,35.25
Brandon Saad,Goals,18.0,20.0,24.0
Brandon Saad,Assists,21.0,23.0,27.0
Brandon Saad,Points,41.0,45.0,49.0
Radek Faksa,Goals,5.0,6.0,7.0
Radek Faksa,Assists,12.0,15.0,17.0
Radek Faksa,Points,18.0,21.0,24.0
Mathieu Joseph,Goals,7.0,9.0,11.0
Mathieu Joseph,Assists,20.0,23.0,26.0
Mathieu Joseph,Points,29.0,32.0,36.0
Dylan Holloway,Goals,6.0,8.0,10.0
Dylan Holloway,Assists,7.0,8.5,10.0
Dylan Holloway,Points,14.0,17.0,20.0
Alexey Toropchenko,Goals,7.0,9.0,12.0
Alexey Toropchenko,Assists,6.0,8.0,11.0
Alexey Toropchenko,Points,14.0,18.0,20.0
Oskar Sundqvist,Goals,4.0,6.0,7.0
Oskar Sundqvist,Assists,9.0,11.0,13.0
Oskar Sundqvist,Points,15.0,17.0,20.0
Alexandre Texier,Goals,6.0,8.0,11.0
Alexandre Texier,Assists,11.0,13.0,15.0
Alexandre Texier,Points,19.0,21.5,24.0
Kasperi Kapanen,Goals,0.0,0.0,1.0
Kasperi Kapanen,Assists,2.0,3.0,4.0
Kasperi Kapanen,Points,2.0,4.0,5.0
Colton Parayko,Goals,4.0,6.0,8.0
Colton Parayko,Assists,10.75,13.0,16.0
Colton Parayko,Points,16.0,19.0,22.25
Nick Leddy,Goals,2.0,4.0,5.0
Nick Leddy,Assists,20.0,24.0,26.0
Nick Leddy,Points,24.0,27.0,31.0
Justin Faulk,Goals,2.0,3.0,4.0
Justin Faulk,Assists,18.0,21.0,24.0
Justin Faulk,Points,20.0,23.0,27.0
Philip Broberg,Goals,0.0,1.0,2.0
Philip Broberg,Assists,15.0,17.0,20.0
Philip Broberg,Points,16.0,18.0,23.0
Ryan Suter,Goals,0.0,0.0,1.0
Ryan Suter,Assists,6.0,9.0,10.0
Ryan Suter,Points,7.0,9.0,11.0
Scott Perunovich,Goals,0.0,0.0,1.0
Scott Perunovich,Assists,10.0,12.0,15.0
Scott Perunovich,Points,10.75,12.5,15.0
Torey Krug,Goals,0.0,1.0,1.0
Torey Krug,Assists,2.0,3.0,4.0
Torey Krug,Points,3.0,4.0,5.0
Kyle Connor,Goals,34.0,38.0,44.0
Kyle Connor,Assists,23.75,27.0,31.0
Kyle Connor,Points,60.0,65.5,72.0
Mark Scheifele,Goals,29.75,34.0,37.0
Mark Scheifele,Assists,33.0,35.0,39.0
Mark Scheifele,Points,64.0,69.0,75.0
Gabriel Vilardi,Goals,30.0,33.0,38.0
Gabriel Vilardi,Assists,26.0,29.0,33.25
Gabriel Vilardi,Points,59.0,63.5,68.25
Cole Perfetti,Goals,15.75,18.0,20.25
Cole Perfetti,Assists,27.75,31.0,34.0
Cole Perfetti,Points,45.0,49.0,53.0
Nikolai Ehlers,Goals,18.0,22.0,25.0
Nikolai Ehlers,Assists,36.0,41.0,45.0
Nikolai Ehlers,Points,57.0,62.5,68.25
Alex Iafallo,Goals,11.0,13.0,15.0
Alex Iafallo,Assists,23.75,25.5,28.0
Alex Iafallo,Points,35.0,39.0,42.0
Nino Niederreiter,Goals,13.0,15.0,17.0
Nino Niederreiter,Assists,15.0,17.0,20.25
Nino Niederreiter,Points,28.75,33.0,36.0
Mason Appleton,Goals,9.0,11.0,13.0
Mason Appleton,Assists,14.0,18.0,21.0
Mason Appleton,Points,25.75,28.0,32.25
Adam Lowry,Goals,6.0,8.0,10.0
Adam Lowry,Assists,15.0,18.0,20.0
Adam Lowry,Points,23.0,26.0,29.0
Vladislav Namestnikov,Goals,5.0,7.0,8.0
Vladislav Namestnikov,Assists,12.0,14.0,17.0
Vladislav Namestnikov,Points,18.75,21.0,24.0
Morgan Barron,Goals,6.0,7.0,9.0
Morgan Barron,Assists,7.0,9.0,11.0
Morgan Barron,Points,13.0,16.0,18.0
Rasmus Kupari,Goals,3.0,4.0,5.0
Rasmus Kupari,Assists,10.0,12.0,14.0
Rasmus Kupari,Points,14.0,16.0,19.0
Josh Morrissey,Goals,14.0,16.0,20.0
Josh Morrissey,Assists,38.0,41.0,46.0
Josh Morrissey,Points,53.0,58.0,62.0
Dylan DeMelo,Goals,2.0,3.0,5.0
Dylan DeMelo,Assists,20.0,24.0,26.0
Dylan DeMelo,Points,23.0,27.0,30.0
Neal Pionk,Goals,1.0,2.0,3.0
Neal Pionk,Assists,13.0,15.0,17.0
Neal Pionk,Points,14.75,17.0,20.0
Dylan Samberg,Goals,1.0,2.0,3.0
Dylan Samberg,Assists,16.0,19.0,21.0
Dylan Samberg,Points,18.0,21.0,23.0
Logan Stanley,Goals,0.0,1.0,1.0
Logan Stanley,Assists,5.0,7.0,9.0
Logan Stanley,Points,6.0,8.0,10.0
Colin Miller,Goals,1.0,1.0,2.0
Colin Miller,Assists,9.0,11.0,13.0
Colin Miller,Points,10.0,12.0,14.0
Troy Terry,Goals,25.0,29.0,31.0
Troy Terry,Assists,33.0,36.0,41.0
Troy Terry,Points,60.0,65.5,72.0
Alex Killorn,Goals,25.0,28.0,32.0
Alex Killorn,Assists,32.0,34.5,39.0
Alex Killorn,Points,57.0,62.5,69.0
Leo Carlsson,Goals,20.0,23.0,26.0
Leo Carlsson,Assists,18.0,23.0,26.0
Leo Carlsson,Points,41.0,46.0,51.0
Frank Vatrano,Goals,20.0,24.0,27.0
Frank Vatrano,Assists,18.0,21.0,23.0
Frank Vatrano,Points,41.0,44.0,49.0
Trevor Zegras,Goals,16.0,19.0,21.0
Trevor Zegras,Assists,28.0,31.5,37.0
Trevor Zegras,Points,46.0,51.0,55.0
Cutter Gauthier,Goals,17.0,19.0,22.25
Cutter Gauthier,Assists,20.0,23.5,26.25
Cutter Gauthier,Points,39.0,43.0,47.0
Ryan Strome,Goals,9.0,11.0,12.25
Ryan Strome,Assists,18.0,21.0,24.25
Ryan Strome,Points,29.0,32.0,37.0
Robby Fabbri,Goals,12.0,14.0,16.0
Robby Fabbri,Assists,8.0,10.0,12.25
Robby Fabbri,Points,21.0,24.0,27.0
Mason McTavish,Goals,11.0,13.0,15.0
Mason McTavish,Assists,21.0,25.0,28.25
Mason McTavish,Points,33.0,37.0,43.0
Brett Leason,Goals,7.0,9.0,11.0
Brett Leason,Assists,7.0,9.0,10.0
Brett Leason,Points,15.0,17.5,20.0
Brock McGinn,Goals,4.0,6.0,7.0
Brock McGinn,Assists,5.0,6.0,8.0
Brock McGinn,Points,9.0,12.0,14.0
Isac Lundestrom,Goals,3.0,5.0,7.0
Isac Lundestrom,Assists,7.0,8.0,10.25
Isac Lundestrom,Points,11.0,14.0,16.0
Sam Colangelo,Goals,0.0,1.0,2.0
Sam Colangelo,Assists,1.75,2.0,4.0
Sam Colangelo,Points,3.0,4.0,5.0
Ross Johnston,Goals,0.0,0.0,1.0
Ross Johnston,Assists,0.75,1.0,2.0
Ross Johnston,Points,1.0,2.0,3.0
Cam Fowler,Goals,5.0,7.0,8.0
Cam Fowler,Assists,19.0,22.0,25.0
Cam Fowler,Points,26.0,28.5,33.0
Pavel Mintyukov,Goals,4.0,5.0,7.0
Pavel Mintyukov,Assists,17.0,20.0,22.0
Pavel Mintyukov,Points,22.0,25.0,28.25
Radko Gudas,Goals,1.0,2.0,3.0
Radko Gudas,Assists,15.0,19.0,21.0
Radko Gudas,Points,17.0,21.0,24.0
Brian Dumoulin,Goals,1.0,2.0,3.0
Brian Dumoulin,Assists,16.0,19.5,23.0
Brian Dumoulin,Points,18.0,22.0,26.0
Olen Zellweger,Goals,0.0,1.0,2.0
Olen Zellweger,Assists,10.0,12.0,14.0
Olen Zellweger,Points,11.0,13.0,15.0
Gustav Lindstrom,Goals,0.0,0.0,1.0
Gustav Lindstrom,Assists,12.0,15.0,16.25
Gustav Lindstrom,Points,13.0,15.0,17.0
Blake Coleman,Goals,25.0,29.0,33.0
Blake Coleman,Assists,24.75,28.0,32.0
Blake Coleman,Points,53.0,57.0,62.0
Mikael Backlund,Goals,12.0,16.0,20.0
Mikael Backlund,Assists,32.0,36.0,40.0
Mikael Backlund,Points,47.0,52.0,57.0
Jonathan Huberdeau,Goals,17.0,21.0,24.0
Jonathan Huberdeau,Assists,37.0,40.0,45.0
Jonathan Huberdeau,Points,56.75,62.0,67.0
Andrei Kuzmenko,Goals,26.0,30.0,34.25
Andrei Kuzmenko,Assists,23.0,26.0,30.0
Andrei Kuzmenko,Points,50.75,56.0,62.0
Nazem Kadri,Goals,18.0,21.0,24.0
Nazem Kadri,Assists,33.0,36.0,40.0
Nazem Kadri,Points,53.0,58.0,62.25
Connor Zary,Goals,21.0,25.0,28.0
Connor Zary,Assists,23.0,25.5,29.0
Connor Zary,Points,46.0,51.0,56.0
Yegor Sharangovich,Goals,15.0,17.0,19.0
Yegor Sharangovich,Assists,13.0,15.0,18.0
Yegor Sharangovich,Points,28.0,31.5,36.0
Martin Pospisil,Goals,6.0,8.0,9.0
Martin Pospisil,Assists,16.0,18.0,22.0
Martin Pospisil,Points,23.0,27.0,30.0
Anthony Mantha,Goals,13.0,16.0,19.0
Anthony Mantha,Assists,19.0,22.0,25.0
Anthony Mantha,Points,34.0,39.0,43.0
Kevin Rooney,Goals,4.0,6.0,8.0
Kevin Rooney,Assists,4.0,5.0,7.0
Kevin Rooney,Points,9.0,11.0,14.0
Ryan Lomberg,Goals,6.0,8.0,9.25
Ryan Lomberg,Assists,6.0,9.0,10.25
Ryan Lomberg,Points,14.0,17.0,20.0
Walker Dueher,Goals,7.75,9.0,12.0
Walker Dueher,Assists,14.0,16.0,18.25
Walker Dueher,Points,23.0,26.0,29.0
Dryden Hunt,Goals,0.0,1.0,1.0
Dryden Hunt,Assists,1.0,1.0,2.0
Dryden Hunt,Points,1.0,2.0,3.0
MacKenzie Weegar,Goals,7.0,9.0,10.0
MacKenzie Weegar,Assists,17.0,20.0,24.0
MacKenzie Weegar,Points,25.0,29.0,33.0
Rasmus Andersson,Goals,5.0,6.0,8.0
Rasmus Andersson,Assists,22.0,25.0,29.0
Rasmus Andersson,Points,28.0,31.0,36.0
Kevin Bahl,Goals,1.0,2.0,3.0
Kevin Bahl,Assists,8.75,11.0,13.0
Kevin Bahl,Points,10.0,13.0,16.0
Danill Miromanov,Goals,2.0,3.0,4.0
Danill Miromanov,Assists,16.0,19.0,21.25
Danill Miromanov,Points,19.0,22.0,25.0
Tyson Barrie,Goals,1.0,2.0,3.0
Tyson Barrie,Assists,10.0,12.5,14.25
Tyson Barrie,Points,12.0,14.0,17.0
Jake Bean,Goals,1.0,1.0,3.0
Jake Bean,Assists,8.0,10.0,13.0
Jake Bean,Points,9.0,12.0,14.0
Brayden Pachal,Goals,0.0,1.0,1.0
Brayden Pachal,Assists,1.0,1.0,2.0
Brayden Pachal,Points,1.0,2.0,3.25
Joel Hanley,Goals,0.0,1.0,1.0
Joel Hanley,Assists,1.0,2.0,2.0
Joel Hanley,Points,1.0,2.0,4.0
Connor McDavid,Goals,40.0,44.0,49.0
Connor McDavid,Assists,54.0,58.0,63.0
Connor McDavid,Points,94.75,102.0,109.25
Leon Draisaitl,Goals,45.0,50.0,55.0
Leon Draisaitl,Assists,44.75,50.0,54.0
Leon Draisaitl,Points,94.0,101.0,107.25
Ryan Nugent-Hopkins,Goals,19.0,22.0,25.0
Ryan Nugent-Hopkins,Assists,35.75,39.5,43.25
Ryan Nugent-Hopkins,Points,57.0,61.0,67.0
Zach Hyman,Goals,25.0,29.0,33.0
Zach Hyman,Assists,29.0,32.0,35.0
Zach Hyman,Points,56.0,61.0,66.0
Jeff Skinner,Goals,23.0,27.0,30.0
Jeff Skinner,Assists,33.0,37.5,42.0
Jeff Skinner,Points,57.0,65.0,71.0
Viktor Arvidsson,Goals,17.0,19.0,23.0
Viktor Arvidsson,Assists,25.0,28.0,32.0
Viktor Arvidsson,Points,45.0,48.0,52.25
Mattias Janmark,Goals,7.0,8.0,10.0
Mattias Janmark,Assists,14.0,17.0,20.0
Mattias Janmark,Points,21.75,26.0,29.0
Connor Brown,Goals,4.0,5.0,7.0
Connor Brown,Assists,18.0,21.0,25.0
Connor Brown,Points,23.0,28.0,32.0
Adam Henrique,Goals,14.0,16.0,19.25
Adam Henrique,Assists,18.0,20.0,23.0
Adam Henrique,Points,33.0,37.0,40.0
Derek Ryan,Goals,6.0,8.0,12.0
Derek Ryan,Assists,8.0,10.0,12.0
Derek Ryan,Points,16.0,19.0,22.25
Corey Perry,Goals,7.0,9.0,11.0
Corey Perry,Assists,10.0,13.0,14.25
Corey Perry,Points,18.0,21.5,25.0
Vasaily Podkolzin,Goals,6.0,8.0,10.0
Vasaily Podkolzin,Assists,7.0,8.0,11.0
Vasaily Podkolzin,Points,14.0,17.0,19.0
Evander Kane,Goals,0.0,1.0,2.0
Evander Kane,Assists,1.0,2.0,3.0
Evander Kane,Points,1.0,3.0,4.0
Darnell Nurse,Goals,6.0,8.0,10.0
Darnell Nurse,Assists,24.0,27.0,31.0
Darnell Nurse,Points,31.0,35.5,39.25
Evan Bouchard,Goals,8.0,10.0,12.0
Evan Bouchard,Assists,22.0,26.0,31.0
Evan Bouchard,Points,31.0,36.0,40.0
Mattias Ekholm,Goals,2.0,3.0,4.0
Mattias Ekholm,Assists,24.75,28.0,32.0
Mattias Ekholm,Points,28.0,31.0,34.0
Brett Kulak,Goals,1.0,2.0,3.0
Brett Kulak,Assists,9.0,10.0,13.0
Brett Kulak,Points,11.0,13.0,16.0
Troy Stecher,Goals,0.0,1.0,1.0
Troy Stecher,Assists,7.0,9.0,11.0
Troy Stecher,Points,8.0,10.0,12.0
Ty Emberson,Goals,0.0,1.0,1.0
Ty Emberson,Assists,9.75,11.5,14.0
Ty Emberson,Points,11.0,12.5,15.0
Josh Brown,Goals,0.0,1.0,2.0
Josh Brown,Assists,1.0,2.0,3.0
Josh Brown,Points,2.0,3.0,4.0
Anze Kopitar,Goals,32.0,36.0,40.0
Anze Kopitar,Assists,31.0,36.0,39.25
Anze Kopitar,Points,67.0,72.0,77.0
Adrian Kempe,Goals,32.0,38.0,43.0
Adrian Kempe,Assists,22.0,25.5,30.0
Adrian Kempe,Points,58.0,63.0,69.0
Kevin Fiala,Goals,28.0,32.0,36.0
Kevin Fiala,Assists,42.0,47.0,52.0
Kevin Fiala,Points,74.0,79.5,84.0
Quinton Byfield,Goals,12.0,14.0,17.0
Quinton Byfield,Assists,31.0,34.0,38.0
Quinton Byfield,Points,43.0,49.0,54.0
Phillip Danault,Goals,21.0,23.5,27.0
Phillip Danault,Assists,25.0,29.0,32.0
Phillip Danault,Points,48.0,51.0,56.25
Arthur Kaliyev,Goals,11.75,14.0,17.0
Arthur Kaliyev,Assists,24.0,27.5,32.0
Arthur Kaliyev,Points,38.0,41.5,47.0
Trevor Moore,Goals,13.0,15.0,16.25
Trevor Moore,Assists,21.0,25.0,28.0
Trevor Moore,Points,35.0,39.0,43.0
Alexis Lafferiere,Goals,6.0,8.0,10.0
Alexis Lafferiere,Assists,8.0,9.0,11.0
Alexis Lafferiere,Points,15.0,17.0,20.0
Warren Foegle,Goals,6.0,8.0,10.0
Warren Foegle,Assists,22.0,26.0,29.0
Warren Foegle,Points,29.0,33.5,38.0
Tanner Jeannot,Goals,8.0,10.5,13.0
Tanner Jeannot,Assists,7.0,8.5,11.0
Tanner Jeannot,Points,17.0,19.0,22.0
Trevor Lewis,Goals,4.0,6.0,8.0
Trevor Lewis,Assists,7.0,9.0,11.0
Trevor Lewis,Points,13.0,16.0,18.0
Alex Turcotte,Goals,5.0,7.0,9.0
Alex Turcotte,Assists,8.0,10.0,12.0
Alex Turcotte,Points,15.0,17.5,20.0
Drew Doughty,Goals,1.0,1.0,2.0
Drew Doughty,Assists,2.0,3.0,4.0
Drew Doughty,Points,3.0,5.0,6.0
Mikey Anderson,Goals,3.0,4.0,5.0
Mikey Anderson,Assists,12.0,15.0,17.0
Mikey Anderson,Points,16.0,18.0,21.0
Vladislav Gavrikov,Goals,2.0,3.0,4.0
Vladislav Gavrikov,Assists,14.75,17.5,20.0
Vladislav Gavrikov,Points,17.0,20.0,23.0
Brandt Clarke,Goals,2.0,3.0,4.25
Brandt Clarke,Assists,14.0,17.5,20.0
Brandt Clarke,Points,16.0,20.0,24.0
Jordan Spence,Goals,3.0,4.0,6.0
Jordan Spence,Assists,22.0,25.0,28.25
Jordan Spence,Points,25.0,29.0,33.25
Kyle Burroughs,Goals,0.0,1.0,2.0
Kyle Burroughs,Assists,5.0,8.0,9.0
Kyle Burroughs,Points,6.0,8.0,11.0
Joel Edmundson,Goals,0.0,1.0,2.0
Joel Edmundson,Assists,4.0,5.0,7.0
Joel Edmundson,Points,5.0,7.0,8.0
Andreas Englund,Goals,0.0,1.0,1.0
Andreas Englund,Assists,1.0,2.0,3.0
Andreas Englund,Points,1.0,3.0,4.0
Jacob Moverare,Goals,0.0,0.0,1.0
Jacob Moverare,Assists,1.0,1.0,2.0
Jacob Moverare,Points,1.0,2.0,3.0
Macklin Celebrini,Goals,22.0,25.0,29.0
Macklin Celebrini,Assists,27.0,32.5,36.0
Macklin Celebrini,Points,52.0,57.0,63.0
William Eklund,Goals,20.0,23.0,26.0
William Eklund,Assists,24.0,27.5,31.0
William Eklund,Points,46.0,50.5,56.25
Tyler Toffoli,Goals,31.0,35.0,39.0
Tyler Toffoli,Assists,29.0,33.0,37.0
Tyler Toffoli,Points,63.0,68.0,72.25
Mikael Granlund,Goals,9.75,12.0,15.0
Mikael Granlund,Assists,25.0,28.5,33.0
Mikael Granlund,Points,36.0,42.0,46.0
Fabian Zetterlund,Goals,16.0,19.0,22.25
Fabian Zetterlund,Assists,27.0,30.0,33.0
Fabian Zetterlund,Points,46.0,49.0,54.0
Alexander Wennberg,Goals,12.0,15.0,18.0
Alexander Wennberg,Assists,23.0,27.0,30.25
Alexander Wennberg,Points,37.75,41.5,46.0
Will Smith,Goals,9.0,12.0,15.25
Will Smith,Assists,11.0,13.0,15.0
Will Smith,Points,22.75,25.0,29.0
Thomas Bordeleau,Goals,11.0,13.0,16.0
Thomas Bordeleau,Assists,13.0,15.0,18.0
Thomas Bordeleau,Points,25.0,29.0,32.0
Luke Kunin,Goals,7.0,8.0,10.0
Luke Kunin,Assists,11.0,14.0,17.0
Luke Kunin,Points,19.75,22.0,25.0
Nico Sturm,Goals,6.0,8.0,9.0
Nico Sturm,Assists,10.0,12.0,15.0
Nico Sturm,Points,17.0,20.0,24.0
Barclay Goodrow,Goals,6.0,7.0,10.0
Barclay Goodrow,Assists,11.0,13.0,16.0
Barclay Goodrow,Points,18.0,21.0,24.25
Ty Dellandrea,Goals,3.0,4.0,6.0
Ty Dellandrea,Assists,11.75,14.0,16.0
Ty Dellandrea,Points,15.75,18.0,21.0
Klim Kostin,Goals,1.0,2.0,2.0
Klim Kostin,Assists,2.0,2.5,3.0
Klim Kostin,Points,3.0,4.0,5.0
Logan Couture,Goals,0.0,1.0,1.0
Logan Couture,Assists,2.0,3.0,4.0
Logan Couture,Points,3.0,4.0,5.0
Carl Grundstrom,Goals,1.0,1.0,2.0
Carl Grundstrom,Assists,1.0,2.0,3.0
Carl Grundstrom,Points,2.0,3.0,5.0
Mario Ferraro,Goals,1.75,2.0,4.0
Mario Ferraro,Assists,14.0,16.0,19.0
Mario Ferraro,Points,16.0,19.0,22.0
Cody Ceci,Goals,4.0,6.0,8.0
Cody Ceci,Assists,11.0,14.0,16.0
Cody Ceci,Points,17.0,20.0,23.0
Jan Rutta,Goals,1.0,2.0,3.0
Jan Rutta,Assists,6.0,7.0,9.0
Jan Rutta,Points,8.0,9.5,12.0
Jake Walman,Goals,2.0,3.0,5.0
Jake Walman,Assists,6.75,9.0,11.0
Jake Walman,Points,10.0,12.0,15.0
Matt Benning,Goals,0.0,0.0,1.0
Matt Benning,Assists,11.0,14.0,17.0
Matt Benning,Points,12.0,15.0,18.0
Marc-Eduoard Vlassic,Goals,0.0,1.0,2.0
Marc-Eduoard Vlassic,Assists,7.0,9.0,11.0
Marc-Eduoard Vlassic,Points,8.0,10.0,12.25
Jared McCann,Goals,37.0,40.0,44.0
Jared McCann,Assists,28.0,32.0,35.25
Jared McCann,Points,67.75,72.0,77.0
Matty Beniers,Goals,26.0,29.0,33.25
Matty Beniers,Assists,24.0,28.0,31.25
Matty Beniers,Points,53.0,58.5,63.0
Jordan Eberle,Goals,22.0,26.0,29.0
Jordan Eberle,Assists,37.75,40.5,45.0
Jordan Eberle,Points,62.0,67.0,71.25
Yanni Gourde,Goals,9.0,11.0,14.0
Yanni Gourde,Assists,26.0,30.0,33.25
Yanni Gourde,Points,36.0,41.0,46.25
Oliver Bjorkstrand,Goals,17.0,20.5,24.0
Oliver Bjorkstrand,Assists,23.0,26.0,29.0
Oliver Bjorkstrand,Points,42.0,46.0,51.25
Chandler Stephenson,Goals,18.0,20.5,24.0
Chandler Stephenson,Assists,26.0,32.0,35.0
Chandler Stephenson,Points,47.0,51.0,56.0
Eeli Tolvanen,Goals,12.0,14.0,16.25
Eeli Tolvanen,Assists,13.0,15.0,19.0
Eeli Tolvanen,Points,26.0,29.0,34.0
Andre Burakovsky,Goals,12.0,15.0,17.0
Andre Burakovsky,Assists,18.0,22.0,24.0
Andre Burakovsky,Points,32.0,36.0,40.0
Jaden Schwartz,Goals,6.0,7.5,9.0
Jaden Schwartz,Assists,16.0,18.0,21.0
Jaden Schwartz,Points,22.0,25.0,29.0
Brandon Tanev,Goals,5.0,7.0,8.25
Brandon Tanev,Assists,8.0,9.5,12.0
Brandon Tanev,Points,13.0,16.5,19.0
Shane Wright,Goals,4.0,6.0,8.0
Shane Wright,Assists,10.0,12.0,15.0
Shane Wright,Points,15.0,18.0,21.0
Tye Kartye,Goals,7.0,9.0,12.0
Tye Kartye,Assists,7.0,8.0,10.0
Tye Kartye,Points,14.0,17.5,21.0
Vince Dunn,Goals,7.0,9.0,11.0
Vince Dunn,Assists,21.0,24.0,28.0
Vince Dunn,Points,30.0,33.5,39.0
Adam Larsson,Goals,5.0,7.0,9.0
Adam Larsson,Assists,15.0,17.0,20.0
Adam Larsson,Points,22.0,25.0,27.0
Jamie Oleksiak,Goals,1.0,2.0,3.0
Jamie Oleksiak,Assists,13.0,15.5,18.0
Jamie Oleksiak,Points,15.75,17.0,19.0
Brandon Montour,Goals,2.0,3.0,4.0
Brandon Montour,Assists,13.0,16.0,19.25
Brandon Montour,Points,16.0,19.0,23.0
William Borgen,Goals,0.0,1.0,1.0
William Borgen,Assists,10.0,12.0,14.0
William Borgen,Points,11.0,13.0,15.0
Ryker Evans,Goals,0.0,0.0,1.0
Ryker Evans,Assists,8.0,10.0,12.25
Ryker Evans,Points,9.0,11.0,13.25
Josh Mahura,Goals,0.0,1.0,1.0
Josh Mahura,Assists,9.0,11.0,13.0
Josh Mahura,Points,10.0,11.0,14.0
Elias Pettersson,Goals,27.0,32.0,35.25
Elias Pettersson,Assists,42.0,46.0,49.25
Elias Pettersson,Points,73.0,77.5,82.25
JT Miller,Goals,33.0,36.5,40.0
JT Miller,Assists,32.0,37.0,40.0
JT Miller,Points,68.0,72.5,78.25
Jake DeBrusk,Goals,24.0,28.0,31.0
Jake DeBrusk,Assists,28.75,31.0,36.0
Jake DeBrusk,Points,54.75,60.0,65.0
Brock Boeser,Goals,18.0,21.0,24.0
Brock Boeser,Assists,24.0,29.0,31.25
Brock Boeser,Points,45.0,49.5,55.0
Conor Garland,Goals,17.0,20.0,23.25
Conor Garland,Assists,26.0,29.0,33.0
Conor Garland,Points,45.0,49.0,55.0
Daniel Sprong,Goals,17.0,20.0,24.0
Daniel Sprong,Assists,26.0,29.0,33.0
Daniel Sprong,Points,47.0,50.0,55.25
Pius Suter,Goals,11.0,14.0,16.0
Pius Suter,Assists,13.0,16.0,18.0
Pius Suter,Points,25.0,30.0,33.0
Nils Hoglander,Goals,12.75,15.0,17.0
Nils Hoglander,Assists,19.0,22.0,25.0
Nils Hoglander,Points,32.75,37.0,41.0
Dakota Joshua,Goals,11.75,14.0,17.0
Dakota Joshua,Assists,16.0,18.5,21.0
Dakota Joshua,Points,28.0,33.0,36.25
Teddy Blueger,Goals,3.0,4.0,5.0
Teddy Blueger,Assists,12.75,15.0,18.0
Teddy Blueger,Points,16.0,19.0,22.0
Danton Heinen,Goals,8.0,10.0,12.0
Danton Heinen,Assists,13.0,17.0,18.0
Danton Heinen,Points,24.0,26.0,29.25
Kieffer Sherwood,Goals,8.0,9.5,12.0
Kieffer Sherwood,Assists,12.0,14.0,17.0
Kieffer Sherwood,Points,20.75,24.0,27.0
Nils Aman,Goals,0.0,0.0,1.0
Nils Aman,Assists,1.0,2.0,2.25
Nils Aman,Points,2.0,2.0,3.0
Phil Di Gisueppe,Goals,0.0,1.0,2.0
Phil Di Gisueppe,Assists,1.0,2.0,3.0
Phil Di Gisueppe,Points,2.0,3.0,4.0
Quinn Hughes,Goals,11.0,14.0,16.0
Quinn Hughes,Assists,31.0,35.0,40.0
Quinn Hughes,Points,45.0,49.0,55.0
Filip Hronek,Goals,2.0,3.0,4.0
Filip Hronek,Assists,21.0,24.0,27.25
Filip Hronek,Points,24.75,28.0,31.0
Carson Soucy,Goals,2.0,3.0,4.0
Carson Soucy,Assists,8.0,10.0,12.0
Carson Soucy,Points,11.0,12.5,15.0
Tyler Myers,Goals,1.0,1.0,2.0
Tyler Myers,Assists,16.0,19.0,22.0
Tyler Myers,Points,17.0,20.0,24.0
Derek Forbort,Goals,0.0,1.0,2.0
Derek Forbort,Assists,6.0,8.0,10.0
Derek Forbort,Points,7.0,9.0,11.0
Vincent Desharnais,Goals,0.0,1.0,1.0
Vincent Desharnais,Assists,7.0,9.0,11.0
Vincent Desharnais,Points,8.0,9.0,11.0
Mark Friedman,Goals,0.0,0.0,1.0
Mark Friedman,Assists,0.0,1.0,2.0
Mark Friedman,Points,1.0,2.0,3.0
Erik Brannstrom,Goals,0.0,0.0,1.0
Erik Brannstrom,Assists,1.0,3.0,4.0
Erik Brannstrom,Points,2.0,3.0,4.0
Jack Eichel,Goals,38.75,43.0,47.25
Jack Eichel,Assists,32.0,37.0,41.0
Jack Eichel,Points,74.0,80.0,86.0
Mark Stone,Goals,26.0,31.0,35.0
Mark Stone,Assists,41.0,46.0,50.0
Mark Stone,Points,70.75,78.0,83.0
Tomas Hertl,Goals,25.0,28.0,30.0
Tomas Hertl,Assists,36.0,41.0,44.0
Tomas Hertl,Points,63.0,68.0,72.0
William Karlsson,Goals,20.75,24.0,27.25
William Karlsson,Assists,29.0,33.0,37.0
William Karlsson,Points,51.75,57.0,63.0
Ivan Barbashev,Goals,20.0,23.5,27.0
Ivan Barbashev,Assists,30.0,34.0,38.25
Ivan Barbashev,Points,53.0,57.0,64.25
Victor Olofsson,Goals,22.0,24.0,28.0
Victor Olofsson,Assists,16.0,19.0,21.0
Victor Olofsson,Points,39.0,44.0,48.0
Brett Howden,Goals,9.0,10.0,12.0
Brett Howden,Assists,15.0,17.0,20.0
Brett Howden,Points,25.0,28.0,31.0
Alexander Holtz,Goals,11.0,14.0,17.0
Alexander Holtz,Assists,14.0,18.0,20.0
Alexander Holtz,Points,27.0,31.5,36.0
Pavel Dorofeyev,Goals,13.0,16.0,18.25
Pavel Dorofeyev,Assists,15.0,18.0,20.0
Pavel Dorofeyev,Points,30.0,33.5,37.25
Keegan Kolesar,Goals,6.75,8.5,10.0
Keegan Kolesar,Assists,11.75,14.0,16.0
Keegan Kolesar,Points,19.0,22.0,26.0
Jonas Rondbjerg,Goals,3.0,4.0,6.0
Jonas Rondbjerg,Assists,10.0,12.5,15.25
Jonas Rondbjerg,Points,15.0,16.0,20.0
Nicolas Roy,Goals,6.0,8.0,10.0
Nicolas Roy,Assists,15.0,17.0,20.25
Nicolas Roy,Points,22.0,25.0,28.0
Alex Pietrangelo,Goals,6.0,8.0,11.0
Alex Pietrangelo,Assists,24.75,27.5,32.0
Alex Pietrangelo,Points,31.0,36.0,40.0
Noah Hanafin,Goals,7.0,9.0,10.0
Noah Hanafin,Assists,23.0,27.0,30.0
Noah Hanafin,Points,31.75,36.0,39.25
Shea Theodore,Goals,6.0,8.0,10.0
Shea Theodore,Assists,32.0,36.5,41.0
Shea Theodore,Points,40.0,45.5,49.0
Brayden McNabb,Goals,1.0,1.0,3.0
Brayden McNabb,Assists,14.0,17.0,19.0
Brayden McNabb,Points,16.0,18.0,21.0
Nick Hague,Goals,0.0,1.0,1.0
Nick Hague,Assists,8.0,9.0,11.0
Nick Hague,Points,8.0,10.0,12.0
Zach Whitecloud,Goals,0.0,1.0,2.0
Zach Whitecloud,Assists,8.75,11.0,13.0
Zach Whitecloud,Points,10.0,13.0,15.0
